{"nm":"YouTube Bell","ddd":0,"h":500,"w":500,"meta":{"g":"LottieFiles AE 1.0.0"},"layers":[{"ty":0,"nm":"icons","sr":1,"st":0,"op":100,"ip":0,"hd":false,"ddd":0,"bm":0,"hasMask":false,"ao":0,"ks":{"a":{"a":0,"k":[375,375,0],"ix":1},"s":{"a":0,"k":[66.667,66.667,100],"ix":6},"sk":{"a":0,"k":0},"p":{"a":0,"k":[250,250,0],"ix":2},"r":{"a":0,"k":0,"ix":10},"sa":{"a":0,"k":0},"o":{"a":0,"k":100,"ix":11}},"ef":[],"w":750,"h":750,"refId":"comp_0","ind":1}],"v":"4.8.0","fr":25,"op":100,"ip":0,"fonts":{"list":[{"ascent":71.97265625,"fClass":"","fFamily":"Helvetica","fStyle":"Regular","fName":"Helvetica","fPath":"","fWeight":"","origin":0}]},"chars":[{"ch":"1","fFamily":"Helvetica","size":28,"style":"Regular","w":48.24,"data":{"shapes":[{"ty":"gr","bm":0,"hd":false,"mn":"ADBE Vector Group","nm":"1","ix":1,"cix":2,"np":3,"it":[{"ty":"sh","bm":0,"hd":false,"mn":"ADBE Vector Shape - Group","nm":"1","ix":1,"d":1,"ks":{"a":0,"k":{"c":true,"i":[[0,0],[0,0],[0,0],[0,0],[0,0],[2.506,-1.448],[6.348,-0.618],[0,0]],"o":[[0,0],[0,0],[0,0],[0,0],[-1.237,5.404],[-2.507,1.449],[0,0],[0,0]],"v":[[26.025,-49.512],[26.025,0],[35.4,0],[35.4,-69.629],[28.467,-69.629],[22.852,-59.351],[9.57,-56.25],[9.57,-49.512]]},"ix":2}}]}]}}],"assets":[{"nm":"","id":"comp_0","layers":[{"ty":3,"nm":"CTRL","sr":1,"st":0,"op":125,"ip":0,"hd":false,"ddd":0,"bm":0,"hasMask":false,"ao":0,"ks":{"a":{"a":0,"k":[0,0,0],"ix":1},"s":{"a":0,"k":[559,559,100],"ix":6},"sk":{"a":0,"k":0},"p":{"a":0,"k":[375,375,0],"ix":2},"r":{"a":0,"k":0,"ix":10},"sa":{"a":0,"k":0},"o":{"a":0,"k":0,"ix":11}},"ef":[],"ind":1},{"ty":5,"nm":"1","sr":1,"st":0,"op":125,"ip":0,"hd":false,"ddd":0,"bm":0,"hasMask":false,"ao":0,"ks":{"a":{"a":0,"k":[0,0,0],"ix":1},"s":{"a":0,"k":[100,100,100],"ix":6},"sk":{"a":0,"k":0},"p":{"a":0,"k":[21.917,31.526,0],"ix":2},"r":{"a":0,"k":0,"ix":10},"sa":{"a":0,"k":0},"o":{"a":0,"k":100,"ix":11}},"ef":[],"t":{"m":{"a":{"a":0,"k":[0,0],"ix":2},"g":1},"p":{},"a":[],"d":{"k":[{"s":{"f":"Helvetica","s":28,"t":"1","fc":[0.851,0.1882,0.1451],"lh":33.6,"tr":0,"j":2,"ca":0},"t":0}]}},"ind":2,"parent":3},{"ty":4,"nm":"Notification Fill","sr":1,"st":0,"op":125,"ip":0,"hd":false,"ddd":0,"bm":0,"hasMask":false,"ao":0,"ks":{"a":{"a":0,"k":[21.88,21.88,0],"ix":1},"s":{"a":1,"k":[{"o":{"x":0.333,"y":0},"i":{"x":0.667,"y":1},"s":[0,0,100],"t":0},{"o":{"x":0.333,"y":0},"i":{"x":0.667,"y":1},"s":[110,110,100],"t":6.875},{"o":{"x":0.333,"y":0},"i":{"x":0.667,"y":1},"s":[90,90,100],"t":12.986},{"o":{"x":0.333,"y":0},"i":{"x":0.833,"y":1},"s":[105,105,100],"t":19.861},{"o":{"x":0.167,"y":0},"i":{"x":0.833,"y":1},"s":[97,97,100],"t":27.5},{"o":{"x":0.167,"y":0},"i":{"x":0.833,"y":1},"s":[102,102,100],"t":33.611},{"o":{"x":0.167,"y":0},"i":{"x":0.833,"y":1},"s":[99,99,100],"t":40.486},{"o":{"x":0.167,"y":0},"i":{"x":0.833,"y":1},"s":[100.5,100.5,100],"t":47.361},{"s":[100,100,100],"t":55}],"ix":6},"sk":{"a":0,"k":0},"p":{"a":0,"k":[30.962,-25.917,0],"ix":2},"r":{"a":1,"k":[{"o":{"x":0.333,"y":0},"i":{"x":0.667,"y":1},"s":[0],"t":2},{"o":{"x":0.333,"y":0},"i":{"x":0.667,"y":1},"s":[-20],"t":8.875},{"o":{"x":0.333,"y":0},"i":{"x":0.667,"y":1},"s":[15],"t":14.986},{"o":{"x":0.333,"y":0},"i":{"x":0.667,"y":1},"s":[-10],"t":21.861},{"o":{"x":0.333,"y":0},"i":{"x":0.667,"y":1},"s":[6],"t":29.5},{"o":{"x":0.333,"y":0},"i":{"x":0.667,"y":1},"s":[-4],"t":35.611},{"o":{"x":0.333,"y":0},"i":{"x":0.667,"y":1},"s":[2],"t":42.486},{"o":{"x":0.333,"y":0},"i":{"x":0.667,"y":1},"s":[-1],"t":49.361},{"s":[0],"t":57}],"ix":10},"sa":{"a":0,"k":0},"o":{"a":0,"k":100,"ix":11}},"ef":[],"shapes":[{"ty":"gr","bm":0,"hd":false,"mn":"ADBE Vector Group","nm":"Group 1","ix":1,"cix":2,"np":2,"it":[{"ty":"sh","bm":0,"hd":false,"mn":"ADBE Vector Shape - Group","nm":"Path 1","ix":1,"d":1,"ks":{"a":0,"k":{"c":true,"i":[[0,-11.946],[11.946,0],[0,11.945],[-11.945,0]],"o":[[0,11.945],[-11.945,0],[0,-11.946],[11.946,0]],"v":[[21.63,0],[0,21.63],[-21.63,0],[0,-21.63]]},"ix":2}},{"ty":"fl","bm":0,"hd":false,"mn":"ADBE Vector Graphic - Fill","nm":"Fill 1","c":{"a":0,"k":[0.851,0.1882,0.1451],"ix":4},"r":1,"o":{"a":0,"k":100,"ix":5}},{"ty":"tr","a":{"a":0,"k":[0,0],"ix":1},"s":{"a":0,"k":[100,100],"ix":3},"sk":{"a":0,"k":0,"ix":4},"p":{"a":0,"k":[21.88,21.88],"ix":2},"r":{"a":0,"k":0,"ix":6},"sa":{"a":0,"k":0,"ix":5},"o":{"a":0,"k":100,"ix":7}}]}],"ind":3,"parent":1},{"ty":4,"nm":"Bell","sr":1,"st":0,"op":125,"ip":0,"hd":false,"ddd":0,"bm":0,"hasMask":false,"ao":0,"ks":{"a":{"a":0,"k":[44.938,0.25,0],"ix":1},"s":{"a":0,"k":[100,100,100],"ix":6},"sk":{"a":0,"k":0},"p":{"a":0,"k":[-0.558,-51.547,0],"ix":2},"r":{"a":1,"k":[{"o":{"x":0.333,"y":0},"i":{"x":0.667,"y":1},"s":[0],"t":0},{"o":{"x":0.333,"y":0},"i":{"x":0.667,"y":1},"s":[-20],"t":9},{"o":{"x":0.333,"y":0},"i":{"x":0.667,"y":1},"s":[15],"t":17},{"o":{"x":0.333,"y":0},"i":{"x":0.667,"y":1},"s":[-8],"t":26},{"o":{"x":0.333,"y":0},"i":{"x":0.667,"y":1},"s":[4],"t":36},{"o":{"x":0.333,"y":0},"i":{"x":0.667,"y":1},"s":[-2],"t":45},{"o":{"x":0.333,"y":0},"i":{"x":0.667,"y":1},"s":[1],"t":54},{"o":{"x":0.333,"y":0},"i":{"x":0.667,"y":1},"s":[-0.5],"t":63},{"o":{"x":0.333,"y":0},"i":{"x":0.667,"y":1},"s":[0.25],"t":73},{"s":[0],"t":84}],"ix":10},"sa":{"a":0,"k":0},"o":{"a":0,"k":100,"ix":11}},"ef":[],"shapes":[{"ty":"gr","bm":0,"hd":false,"mn":"ADBE Vector Group","nm":"Group 1","ix":1,"cix":2,"np":2,"it":[{"ty":"sh","bm":0,"hd":false,"mn":"ADBE Vector Shape - Group","nm":"Path 1","ix":1,"d":1,"ks":{"a":0,"k":{"c":true,"i":[[2.573,3.143],[0,0],[0,0],[13.839,3.366],[0,0],[4.053,0],[0,-4.053],[0,0],[0,-14.879],[0,0],[0,0],[0,0],[-4.196,0],[0,0],[0,0],[0,0]],"o":[[0,0],[0,0],[0,-14.836],[0,0],[0,-4.053],[-4.053,0],[0,0],[-13.9,3.322],[0,0],[0,0],[0,0],[-2.294,3.165],[0,0],[0,0],[0,0],[4.335,0]],"v":[[42.726,35.646],[30.954,26.018],[30.954,-1.782],[6.757,-32.511],[6.757,-35.863],[-0.611,-43.231],[-7.98,-35.863],[-7.98,-32.54],[-32.298,-1.782],[-32.298,25.914],[-32.353,25.914],[-43.005,35.871],[-38.58,43.231],[-26.402,43.231],[25.058,43.231],[38.472,43.231]]},"ix":2}},{"ty":"fl","bm":0,"hd":false,"mn":"ADBE Vector Graphic - Fill","nm":"Fill 1","c":{"a":0,"k":[0.8549,0.898,0.902],"ix":4},"r":1,"o":{"a":0,"k":100,"ix":5}},{"ty":"tr","a":{"a":0,"k":[0,0],"ix":1},"s":{"a":0,"k":[100,100],"ix":3},"sk":{"a":0,"k":0,"ix":4},"p":{"a":0,"k":[45.548,43.482],"ix":2},"r":{"a":0,"k":0,"ix":6},"sa":{"a":0,"k":0,"ix":5},"o":{"a":0,"k":100,"ix":7}}]}],"ind":4,"parent":1},{"ty":4,"nm":"Bell_matte","sr":1,"st":0,"op":125,"ip":0,"hd":false,"ddd":0,"bm":0,"hasMask":false,"td":1,"ao":0,"ks":{"a":{"a":0,"k":[45.549,43.482,0],"ix":1},"s":{"a":0,"k":[100,100,100],"ix":6},"sk":{"a":0,"k":0},"p":{"a":0,"k":[45.549,48.482,0],"ix":2},"r":{"a":0,"k":0,"ix":10},"sa":{"a":0,"k":0},"o":{"a":0,"k":100,"ix":11}},"ef":[],"shapes":[{"ty":"gr","bm":0,"hd":false,"mn":"ADBE Vector Group","nm":"Group 1","ix":1,"cix":2,"np":2,"it":[{"ty":"sh","bm":0,"hd":false,"mn":"ADBE Vector Shape - Group","nm":"Path 1","ix":1,"d":1,"ks":{"a":0,"k":{"c":true,"i":[[2.573,3.143],[0,0],[0,0],[13.839,3.366],[0,0],[4.053,0],[0,-4.053],[0,0],[0,-14.879],[0,0],[0,0],[0,0],[-4.196,0],[0,0],[0,0],[0,0]],"o":[[0,0],[0,0],[0,-14.836],[0,0],[0,-4.053],[-4.053,0],[0,0],[-13.9,3.322],[0,0],[0,0],[0,0],[-2.294,3.165],[0,0],[0,0],[0,0],[4.335,0]],"v":[[42.726,35.646],[30.954,26.018],[30.954,-1.782],[6.757,-32.511],[6.757,-35.863],[-0.611,-43.231],[-7.98,-35.863],[-7.98,-32.54],[-32.298,-1.782],[-32.298,25.914],[-32.353,25.914],[-43.005,35.871],[-38.58,43.231],[-26.402,43.231],[25.058,43.231],[38.472,43.231]]},"ix":2}},{"ty":"fl","bm":0,"hd":false,"mn":"ADBE Vector Graphic - Fill","nm":"Fill 1","c":{"a":0,"k":[0.8549,0.898,0.902],"ix":4},"r":1,"o":{"a":0,"k":100,"ix":5}},{"ty":"tr","a":{"a":0,"k":[0,0],"ix":1},"s":{"a":0,"k":[100,100],"ix":3},"sk":{"a":0,"k":0,"ix":4},"p":{"a":0,"k":[45.548,43.482],"ix":2},"r":{"a":0,"k":0,"ix":6},"sa":{"a":0,"k":0,"ix":5},"o":{"a":0,"k":100,"ix":7}}]}],"ind":5,"parent":4},{"ty":4,"nm":"Jingle","sr":1,"st":5,"op":130,"ip":0,"hd":false,"ddd":0,"bm":0,"tt":2,"hasMask":false,"ao":0,"ks":{"a":{"a":0,"k":[0,-12,0],"ix":1},"s":{"a":0,"k":[100,100,100],"ix":6},"sk":{"a":0,"k":0},"p":{"a":1,"k":[{"o":{"x":0.333,"y":0},"i":{"x":0.667,"y":1},"s":[45.496,79.797,0],"t":5,"ti":[0,0,0],"to":[0,0,0]},{"o":{"x":0.333,"y":0},"i":{"x":0.667,"y":1},"s":[23.496,79.797,0],"t":14,"ti":[0,0,0],"to":[0,0,0]},{"o":{"x":0.333,"y":0},"i":{"x":0.667,"y":1},"s":[67.496,79.797,0],"t":22,"ti":[0,0,0],"to":[0,0,0]},{"o":{"x":0.333,"y":0},"i":{"x":0.667,"y":1},"s":[32.496,79.797,0],"t":31,"ti":[0,0,0],"to":[0,0,0]},{"o":{"x":0.333,"y":0},"i":{"x":0.667,"y":1},"s":[59.496,79.797,0],"t":41,"ti":[0,0,0],"to":[0,0,0]},{"o":{"x":0.333,"y":0},"i":{"x":0.667,"y":1},"s":[39.496,79.797,0],"t":50,"ti":[0,0,0],"to":[0,0,0]},{"o":{"x":0.333,"y":0},"i":{"x":0.667,"y":1},"s":[55.496,79.797,0],"t":59,"ti":[0,0,0],"to":[0,0,0]},{"o":{"x":0.333,"y":0},"i":{"x":0.667,"y":1},"s":[40.277,79.797,0],"t":68,"ti":[0,0,0],"to":[0,0,0]},{"o":{"x":0.333,"y":0},"i":{"x":0.667,"y":1},"s":[47.975,79.797,0],"t":78,"ti":[0,0,0],"to":[0,0,0]},{"o":{"x":0.333,"y":0},"i":{"x":0.667,"y":1},"s":[44.522,79.797,0],"t":88,"ti":[0,0,0],"to":[0,0,0]},{"s":[45.496,79.797,0],"t":97}],"ix":2},"r":{"a":0,"k":0,"ix":10},"sa":{"a":0,"k":0},"o":{"a":0,"k":100,"ix":11}},"ef":[],"shapes":[{"ty":"gr","bm":0,"hd":false,"mn":"ADBE Vector Group","nm":"Group 1","ix":1,"cix":2,"np":2,"it":[{"ty":"el","bm":0,"hd":false,"mn":"ADBE Vector Shape - Ellipse","nm":"Ellipse Path 1","d":1,"p":{"a":1,"k":[{"o":{"x":0.333,"y":0},"i":{"x":0.667,"y":1},"s":[0,0],"t":5,"ti":[0,0],"to":[0,0]},{"o":{"x":0.333,"y":0},"i":{"x":0.667,"y":1},"s":[0,-3],"t":14,"ti":[0,0],"to":[0,0]},{"o":{"x":0.333,"y":0},"i":{"x":0.667,"y":1},"s":[0,0],"t":18,"ti":[0,0],"to":[0,0]},{"o":{"x":0.333,"y":0},"i":{"x":0.667,"y":1},"s":[0,-2.75],"t":22,"ti":[0,0],"to":[0,0]},{"o":{"x":0.333,"y":0},"i":{"x":0.667,"y":1},"s":[0,0],"t":27,"ti":[0,0],"to":[0,0]},{"o":{"x":0.333,"y":0},"i":{"x":0.667,"y":1},"s":[0,-2],"t":31,"ti":[0,0],"to":[0,0]},{"o":{"x":0.333,"y":0},"i":{"x":0.667,"y":1},"s":[0,0],"t":36,"ti":[0,0],"to":[0,0]},{"o":{"x":0.333,"y":0},"i":{"x":0.667,"y":1},"s":[0,-1.5],"t":41,"ti":[0,0],"to":[0,0]},{"o":{"x":0.333,"y":0},"i":{"x":0.667,"y":1},"s":[0,0],"t":46,"ti":[0,0],"to":[0,0]},{"o":{"x":0.333,"y":0},"i":{"x":0.667,"y":1},"s":[0,-1],"t":50,"ti":[0,0],"to":[0,0]},{"o":{"x":0.333,"y":0},"i":{"x":0.667,"y":1},"s":[0,0],"t":54,"ti":[0,0],"to":[0,0]},{"o":{"x":0.333,"y":0},"i":{"x":0.667,"y":1},"s":[0,-0.6],"t":59,"ti":[0,0],"to":[0,0]},{"o":{"x":0.333,"y":0},"i":{"x":0.667,"y":1},"s":[0,0],"t":63,"ti":[0,0],"to":[0,0]},{"o":{"x":0.333,"y":0},"i":{"x":0.667,"y":1},"s":[0,0.4],"t":68,"ti":[0,0],"to":[0,0]},{"s":[0,0],"t":78}],"ix":3},"s":{"a":0,"k":[23,23],"ix":2}},{"ty":"fl","bm":0,"hd":false,"mn":"ADBE Vector Graphic - Fill","nm":"Fill 1","c":{"a":0,"k":[0.8549,0.898,0.902],"ix":4},"r":1,"o":{"a":0,"k":100,"ix":5}},{"ty":"tr","a":{"a":0,"k":[0,0],"ix":1},"s":{"a":0,"k":[100,100],"ix":3},"sk":{"a":0,"k":0,"ix":4},"p":{"a":0,"k":[0,0],"ix":2},"r":{"a":0,"k":0,"ix":6},"sa":{"a":0,"k":0,"ix":5},"o":{"a":0,"k":100,"ix":7}}]}],"ind":6,"parent":4}]}]}