{"v":"5.7.4","fr":30,"ip":0,"op":150,"w":480,"h":480,"nm":"Rewards","ddd":0,"assets":[],"fonts":{"list":[{"fName":"Gilroy-HeavyItalic","fFamily":"Gilroy-HeavyItalic","fStyle":"?","ascent":69.9996948242188}]},"layers":[{"ddd":0,"ind":1,"ty":3,"nm":"Null 5","sr":1,"ks":{"o":{"a":0,"k":0,"ix":11},"r":{"a":0,"k":0,"ix":10},"p":{"a":0,"k":[442,235,0],"ix":2,"l":2},"a":{"a":0,"k":[0,0,0],"ix":1,"l":2},"s":{"a":1,"k":[{"i":{"x":[0,0,0.667],"y":[0.984,0.984,1]},"o":{"x":[0.085,0.085,0.333],"y":[0.001,0.001,0]},"t":10,"s":[100,100,100]},{"i":{"x":[0,0,0.667],"y":[0.721,0.721,1]},"o":{"x":[0.167,0.167,0.167],"y":[0,0,0]},"t":42,"s":[112,112,100]},{"i":{"x":[0.915,0.915,0.667],"y":[0.999,0.999,1]},"o":{"x":[1,1,0.333],"y":[0.016,0.016,0]},"t":90,"s":[112,112,100]},{"t":122,"s":[100,100,100]}],"ix":6,"l":2}},"ao":0,"ip":0,"op":150,"st":0,"bm":0},{"ddd":0,"ind":2,"ty":4,"nm":"Layer 2 Outlines 7","parent":1,"td":1,"sr":1,"ks":{"o":{"a":0,"k":100,"ix":11},"r":{"a":1,"k":[{"i":{"x":[0.116],"y":[1]},"o":{"x":[0.04],"y":[0.01]},"t":10,"s":[0]},{"i":{"x":[0.116],"y":[1]},"o":{"x":[0.167],"y":[0]},"t":42,"s":[25]},{"i":{"x":[0.96],"y":[0.99]},"o":{"x":[0.884],"y":[0]},"t":90,"s":[25]},{"t":122,"s":[0]}],"ix":10},"p":{"a":0,"k":[-38.26,0.23,0],"ix":2,"l":2},"a":{"a":0,"k":[329.74,83.49,0],"ix":1,"l":2},"s":{"a":0,"k":[100,100,100],"ix":6,"l":2}},"ao":0,"shapes":[{"ty":"gr","it":[{"ind":0,"ty":"sh","ix":1,"ks":{"a":0,"k":{"i":[[0,-17.937],[-17.603,-1.34],[0,-1.481],[0,0],[8.362,0],[0,0],[0,8.362],[0,0],[-1.476,0.113],[0,17.946],[17.603,1.341],[0,1.48],[0,0],[-8.362,0],[0,0],[0,-8.362],[0,0],[1.476,-0.113]],"o":[[0,17.946],[1.476,0.113],[0,0],[0,8.362],[0,0],[-8.362,0],[0,0],[0,-1.481],[17.603,-1.34],[0,-17.937],[-1.476,-0.113],[0,0],[0,-8.362],[0,0],[8.362,0],[0,0],[0,1.48],[-17.603,1.341]],"v":[[130.4,0],[161.864,33.99],[164.49,36.791],[164.49,68.1],[149.35,83.24],[-149.35,83.24],[-164.49,68.1],[-164.49,36.791],[-161.864,33.99],[-130.4,0],[-161.864,-33.99],[-164.49,-36.79],[-164.49,-68.1],[-149.35,-83.24],[149.35,-83.24],[164.49,-68.1],[164.49,-36.79],[161.864,-33.99]],"c":true},"ix":2},"nm":"Path 1","mn":"ADBE Vector Shape - Group","hd":false},{"ty":"fl","c":{"a":0,"k":[0.458823559331,0.839215746113,0.772549079446,1],"ix":4},"o":{"a":0,"k":100,"ix":5},"r":1,"bm":0,"nm":"Fill 1","mn":"ADBE Vector Graphic - Fill","hd":false},{"ty":"tr","p":{"a":0,"k":[164.74,83.49],"ix":2},"a":{"a":0,"k":[0,0],"ix":1},"s":{"a":0,"k":[100,100],"ix":3},"r":{"a":0,"k":0,"ix":6},"o":{"a":0,"k":100,"ix":7},"sk":{"a":0,"k":0,"ix":4},"sa":{"a":0,"k":0,"ix":5},"nm":"Transform"}],"nm":"Group 1","np":2,"cix":2,"bm":0,"ix":1,"mn":"ADBE Vector Group","hd":false}],"ip":0,"op":150,"st":0,"bm":0},{"ddd":0,"ind":3,"ty":5,"nm":"20% ","parent":5,"tt":1,"sr":1,"ks":{"o":{"a":0,"k":20,"ix":11},"r":{"a":0,"k":0,"ix":10},"p":{"a":0,"k":[185.5,166.26,0],"ix":2,"l":2},"a":{"a":0,"k":[0,0,0],"ix":1,"l":2},"s":{"a":0,"k":[260.06,260.06,100],"ix":6,"l":2}},"ao":0,"t":{"d":{"k":[{"s":{"s":89,"f":"Gilroy-HeavyItalic","t":"20%","j":2,"tr":0,"lh":106.8,"ls":0,"fc":[0.998,0.998,0.998]},"t":0}]},"p":{},"m":{"g":1,"a":{"a":0,"k":[0,0],"ix":2}},"a":[]},"ip":0,"op":150,"st":0,"bm":0},{"ddd":0,"ind":4,"ty":5,"nm":"20% Off","parent":5,"sr":1,"ks":{"o":{"a":0,"k":100,"ix":11},"r":{"a":0,"k":0,"ix":10},"p":{"a":0,"k":[159,95.26,0],"ix":2,"l":2},"a":{"a":0,"k":[0,0,0],"ix":1,"l":2},"s":{"a":0,"k":[49.386,49.386,100],"ix":6,"l":2}},"ao":0,"t":{"d":{"k":[{"s":{"s":89,"f":"Gilroy-HeavyItalic","t":"20% Off","j":2,"tr":0,"lh":106.8,"ls":0,"fc":[0.998,0.998,0.998]},"t":0}]},"p":{},"m":{"g":1,"a":{"a":0,"k":[0,0],"ix":2}},"a":[]},"ip":0,"op":150,"st":0,"bm":0},{"ddd":0,"ind":5,"ty":4,"nm":"Layer 2 Outlines 2","parent":1,"sr":1,"ks":{"o":{"a":0,"k":100,"ix":11},"r":{"a":1,"k":[{"i":{"x":[0.116],"y":[1]},"o":{"x":[0.04],"y":[0.01]},"t":10,"s":[0]},{"i":{"x":[0.116],"y":[1]},"o":{"x":[0.167],"y":[0]},"t":42,"s":[25]},{"i":{"x":[0.96],"y":[0.99]},"o":{"x":[0.884],"y":[0]},"t":90,"s":[25]},{"t":122,"s":[0]}],"ix":10},"p":{"a":0,"k":[-38.26,0.23,0],"ix":2,"l":2},"a":{"a":0,"k":[329.74,83.49,0],"ix":1,"l":2},"s":{"a":0,"k":[100,100,100],"ix":6,"l":2}},"ao":0,"shapes":[{"ty":"gr","it":[{"ind":0,"ty":"sh","ix":1,"ks":{"a":0,"k":{"i":[[0,-17.937],[-17.603,-1.34],[0,-1.481],[0,0],[8.362,0],[0,0],[0,8.362],[0,0],[-1.476,0.113],[0,17.946],[17.603,1.341],[0,1.48],[0,0],[-8.362,0],[0,0],[0,-8.362],[0,0],[1.476,-0.113]],"o":[[0,17.946],[1.476,0.113],[0,0],[0,8.362],[0,0],[-8.362,0],[0,0],[0,-1.481],[17.603,-1.34],[0,-17.937],[-1.476,-0.113],[0,0],[0,-8.362],[0,0],[8.362,0],[0,0],[0,1.48],[-17.603,1.341]],"v":[[130.4,0],[161.864,33.99],[164.49,36.791],[164.49,68.1],[149.35,83.24],[-149.35,83.24],[-164.49,68.1],[-164.49,36.791],[-161.864,33.99],[-130.4,0],[-161.864,-33.99],[-164.49,-36.79],[-164.49,-68.1],[-149.35,-83.24],[149.35,-83.24],[164.49,-68.1],[164.49,-36.79],[161.864,-33.99]],"c":true},"ix":2},"nm":"Path 1","mn":"ADBE Vector Shape - Group","hd":false},{"ty":"fl","c":{"a":0,"k":[0.458823559331,0.839215746113,0.772549079446,1],"ix":4},"o":{"a":0,"k":100,"ix":5},"r":1,"bm":0,"nm":"Fill 1","mn":"ADBE Vector Graphic - Fill","hd":false},{"ty":"tr","p":{"a":0,"k":[164.74,83.49],"ix":2},"a":{"a":0,"k":[0,0],"ix":1},"s":{"a":0,"k":[100,100],"ix":3},"r":{"a":0,"k":0,"ix":6},"o":{"a":0,"k":100,"ix":7},"sk":{"a":0,"k":0,"ix":4},"sa":{"a":0,"k":0,"ix":5},"nm":"Transform"}],"nm":"Group 1","np":2,"cix":2,"bm":0,"ix":1,"mn":"ADBE Vector Group","hd":false}],"ip":0,"op":150,"st":0,"bm":0},{"ddd":0,"ind":6,"ty":4,"nm":"Layer 2 Outlines 8","parent":1,"td":1,"sr":1,"ks":{"o":{"a":0,"k":100,"ix":11},"r":{"a":1,"k":[{"i":{"x":[0.116],"y":[1]},"o":{"x":[0.04],"y":[0.017]},"t":10,"s":[0]},{"i":{"x":[0.116],"y":[1]},"o":{"x":[0.167],"y":[0]},"t":42,"s":[15]},{"i":{"x":[0.96],"y":[0.983]},"o":{"x":[0.884],"y":[0]},"t":90,"s":[15]},{"t":122,"s":[0]}],"ix":10},"p":{"a":0,"k":[-38.26,0.23,0],"ix":2,"l":2},"a":{"a":0,"k":[329.74,83.49,0],"ix":1,"l":2},"s":{"a":0,"k":[100,100,100],"ix":6,"l":2}},"ao":0,"shapes":[{"ty":"gr","it":[{"ind":0,"ty":"sh","ix":1,"ks":{"a":0,"k":{"i":[[0,-17.937],[-17.603,-1.34],[0,-1.481],[0,0],[8.362,0],[0,0],[0,8.362],[0,0],[-1.476,0.113],[0,17.946],[17.603,1.341],[0,1.48],[0,0],[-8.362,0],[0,0],[0,-8.362],[0,0],[1.476,-0.113]],"o":[[0,17.946],[1.476,0.113],[0,0],[0,8.362],[0,0],[-8.362,0],[0,0],[0,-1.481],[17.603,-1.34],[0,-17.937],[-1.476,-0.113],[0,0],[0,-8.362],[0,0],[8.362,0],[0,0],[0,1.48],[-17.603,1.341]],"v":[[130.4,0],[161.864,33.99],[164.49,36.791],[164.49,68.1],[149.35,83.24],[-149.35,83.24],[-164.49,68.1],[-164.49,36.791],[-161.864,33.99],[-130.4,0],[-161.864,-33.99],[-164.49,-36.79],[-164.49,-68.1],[-149.35,-83.24],[149.35,-83.24],[164.49,-68.1],[164.49,-36.79],[161.864,-33.99]],"c":true},"ix":2},"nm":"Path 1","mn":"ADBE Vector Shape - Group","hd":false},{"ty":"fl","c":{"a":0,"k":[0.678431372549,0.607843137255,0.760784373564,1],"ix":4},"o":{"a":0,"k":100,"ix":5},"r":1,"bm":0,"nm":"Fill 1","mn":"ADBE Vector Graphic - Fill","hd":false},{"ty":"tr","p":{"a":0,"k":[164.74,83.49],"ix":2},"a":{"a":0,"k":[0,0],"ix":1},"s":{"a":0,"k":[100,100],"ix":3},"r":{"a":0,"k":0,"ix":6},"o":{"a":0,"k":100,"ix":7},"sk":{"a":0,"k":0,"ix":4},"sa":{"a":0,"k":0,"ix":5},"nm":"Transform"}],"nm":"Group 1","np":2,"cix":2,"bm":0,"ix":1,"mn":"ADBE Vector Group","hd":false}],"ip":0,"op":150,"st":0,"bm":0},{"ddd":0,"ind":7,"ty":5,"nm":"30%","parent":8,"tt":1,"sr":1,"ks":{"o":{"a":0,"k":20,"ix":11},"r":{"a":0,"k":0,"ix":10},"p":{"a":0,"k":[185.5,166.26,0],"ix":2,"l":2},"a":{"a":0,"k":[0,0,0],"ix":1,"l":2},"s":{"a":0,"k":[260.06,260.06,100],"ix":6,"l":2}},"ao":0,"t":{"d":{"k":[{"s":{"s":89,"f":"Gilroy-HeavyItalic","t":"30%","j":2,"tr":0,"lh":106.8,"ls":0,"fc":[0.998,0.998,0.998]},"t":0}]},"p":{},"m":{"g":1,"a":{"a":0,"k":[0,0],"ix":2}},"a":[]},"ip":0,"op":150,"st":0,"bm":0},{"ddd":0,"ind":8,"ty":4,"nm":"Layer 2 Outlines","parent":1,"sr":1,"ks":{"o":{"a":0,"k":100,"ix":11},"r":{"a":1,"k":[{"i":{"x":[0.116],"y":[1]},"o":{"x":[0.04],"y":[0.017]},"t":10,"s":[0]},{"i":{"x":[0.116],"y":[1]},"o":{"x":[0.167],"y":[0]},"t":42,"s":[15]},{"i":{"x":[0.96],"y":[0.983]},"o":{"x":[0.884],"y":[0]},"t":90,"s":[15]},{"t":122,"s":[0]}],"ix":10},"p":{"a":0,"k":[-38.26,0.23,0],"ix":2,"l":2},"a":{"a":0,"k":[329.74,83.49,0],"ix":1,"l":2},"s":{"a":0,"k":[100,100,100],"ix":6,"l":2}},"ao":0,"shapes":[{"ty":"gr","it":[{"ind":0,"ty":"sh","ix":1,"ks":{"a":0,"k":{"i":[[0,-17.937],[-17.603,-1.34],[0,-1.481],[0,0],[8.362,0],[0,0],[0,8.362],[0,0],[-1.476,0.113],[0,17.946],[17.603,1.341],[0,1.48],[0,0],[-8.362,0],[0,0],[0,-8.362],[0,0],[1.476,-0.113]],"o":[[0,17.946],[1.476,0.113],[0,0],[0,8.362],[0,0],[-8.362,0],[0,0],[0,-1.481],[17.603,-1.34],[0,-17.937],[-1.476,-0.113],[0,0],[0,-8.362],[0,0],[8.362,0],[0,0],[0,1.48],[-17.603,1.341]],"v":[[130.4,0],[161.864,33.99],[164.49,36.791],[164.49,68.1],[149.35,83.24],[-149.35,83.24],[-164.49,68.1],[-164.49,36.791],[-161.864,33.99],[-130.4,0],[-161.864,-33.99],[-164.49,-36.79],[-164.49,-68.1],[-149.35,-83.24],[149.35,-83.24],[164.49,-68.1],[164.49,-36.79],[161.864,-33.99]],"c":true},"ix":2},"nm":"Path 1","mn":"ADBE Vector Shape - Group","hd":false},{"ty":"fl","c":{"a":0,"k":[0.678431372549,0.607843137255,0.760784373564,1],"ix":4},"o":{"a":0,"k":100,"ix":5},"r":1,"bm":0,"nm":"Fill 1","mn":"ADBE Vector Graphic - Fill","hd":false},{"ty":"tr","p":{"a":0,"k":[164.74,83.49],"ix":2},"a":{"a":0,"k":[0,0],"ix":1},"s":{"a":0,"k":[100,100],"ix":3},"r":{"a":0,"k":0,"ix":6},"o":{"a":0,"k":100,"ix":7},"sk":{"a":0,"k":0,"ix":4},"sa":{"a":0,"k":0,"ix":5},"nm":"Transform"}],"nm":"Group 1","np":2,"cix":2,"bm":0,"ix":1,"mn":"ADBE Vector Group","hd":false}],"ip":0,"op":150,"st":0,"bm":0},{"ddd":0,"ind":9,"ty":4,"nm":"Layer 2 Outlines 9","parent":1,"td":1,"sr":1,"ks":{"o":{"a":0,"k":100,"ix":11},"r":{"a":1,"k":[{"i":{"x":[0.116],"y":[1]},"o":{"x":[0.04],"y":[0.052]},"t":10,"s":[0]},{"i":{"x":[0.116],"y":[1]},"o":{"x":[0.167],"y":[0]},"t":42,"s":[5]},{"i":{"x":[0.96],"y":[0.948]},"o":{"x":[0.884],"y":[0]},"t":90,"s":[5]},{"t":122,"s":[0]}],"ix":10},"p":{"a":0,"k":[-38.26,0.23,0],"ix":2,"l":2},"a":{"a":0,"k":[329.74,83.49,0],"ix":1,"l":2},"s":{"a":0,"k":[100,100,100],"ix":6,"l":2}},"ao":0,"shapes":[{"ty":"gr","it":[{"ind":0,"ty":"sh","ix":1,"ks":{"a":0,"k":{"i":[[0,-17.937],[-17.603,-1.34],[0,-1.481],[0,0],[8.362,0],[0,0],[0,8.362],[0,0],[-1.476,0.113],[0,17.946],[17.603,1.341],[0,1.48],[0,0],[-8.362,0],[0,0],[0,-8.362],[0,0],[1.476,-0.113]],"o":[[0,17.946],[1.476,0.113],[0,0],[0,8.362],[0,0],[-8.362,0],[0,0],[0,-1.481],[17.603,-1.34],[0,-17.937],[-1.476,-0.113],[0,0],[0,-8.362],[0,0],[8.362,0],[0,0],[0,1.48],[-17.603,1.341]],"v":[[130.4,0],[161.864,33.99],[164.49,36.791],[164.49,68.1],[149.35,83.24],[-149.35,83.24],[-164.49,68.1],[-164.49,36.791],[-161.864,33.99],[-130.4,0],[-161.864,-33.99],[-164.49,-36.79],[-164.49,-68.1],[-149.35,-83.24],[149.35,-83.24],[164.49,-68.1],[164.49,-36.79],[161.864,-33.99]],"c":true},"ix":2},"nm":"Path 1","mn":"ADBE Vector Shape - Group","hd":false},{"ty":"fl","c":{"a":0,"k":[1,0.760784373564,0.61568627451,1],"ix":4},"o":{"a":0,"k":100,"ix":5},"r":1,"bm":0,"nm":"Fill 1","mn":"ADBE Vector Graphic - Fill","hd":false},{"ty":"tr","p":{"a":0,"k":[164.74,83.49],"ix":2},"a":{"a":0,"k":[0,0],"ix":1},"s":{"a":0,"k":[100,100],"ix":3},"r":{"a":0,"k":0,"ix":6},"o":{"a":0,"k":100,"ix":7},"sk":{"a":0,"k":0,"ix":4},"sa":{"a":0,"k":0,"ix":5},"nm":"Transform"}],"nm":"Group 1","np":2,"cix":2,"bm":0,"ix":1,"mn":"ADBE Vector Group","hd":false}],"ip":0,"op":150,"st":0,"bm":0},{"ddd":0,"ind":10,"ty":5,"nm":"20%","parent":11,"tt":1,"sr":1,"ks":{"o":{"a":0,"k":20,"ix":11},"r":{"a":0,"k":0,"ix":10},"p":{"a":0,"k":[173.318,162.956,0],"ix":2,"l":2},"a":{"a":0,"k":[0,0,0],"ix":1,"l":2},"s":{"a":0,"k":[260.06,260.06,100],"ix":6,"l":2}},"ao":0,"t":{"d":{"k":[{"s":{"s":89,"f":"Gilroy-HeavyItalic","t":"20%","j":2,"tr":0,"lh":106.8,"ls":0,"fc":[0.998,0.998,0.998]},"t":0}]},"p":{},"m":{"g":1,"a":{"a":0,"k":[0,0],"ix":2}},"a":[]},"ip":0,"op":150,"st":0,"bm":0},{"ddd":0,"ind":11,"ty":4,"nm":"Layer 2 Outlines 6","parent":1,"sr":1,"ks":{"o":{"a":0,"k":100,"ix":11},"r":{"a":1,"k":[{"i":{"x":[0.116],"y":[1]},"o":{"x":[0.04],"y":[0.052]},"t":10,"s":[0]},{"i":{"x":[0.116],"y":[1]},"o":{"x":[0.167],"y":[0]},"t":42,"s":[5]},{"i":{"x":[0.96],"y":[0.948]},"o":{"x":[0.884],"y":[0]},"t":90,"s":[5]},{"t":122,"s":[0]}],"ix":10},"p":{"a":0,"k":[-38.26,0.23,0],"ix":2,"l":2},"a":{"a":0,"k":[329.74,83.49,0],"ix":1,"l":2},"s":{"a":0,"k":[100,100,100],"ix":6,"l":2}},"ao":0,"shapes":[{"ty":"gr","it":[{"ind":0,"ty":"sh","ix":1,"ks":{"a":0,"k":{"i":[[0,-17.937],[-17.603,-1.34],[0,-1.481],[0,0],[8.362,0],[0,0],[0,8.362],[0,0],[-1.476,0.113],[0,17.946],[17.603,1.341],[0,1.48],[0,0],[-8.362,0],[0,0],[0,-8.362],[0,0],[1.476,-0.113]],"o":[[0,17.946],[1.476,0.113],[0,0],[0,8.362],[0,0],[-8.362,0],[0,0],[0,-1.481],[17.603,-1.34],[0,-17.937],[-1.476,-0.113],[0,0],[0,-8.362],[0,0],[8.362,0],[0,0],[0,1.48],[-17.603,1.341]],"v":[[130.4,0],[161.864,33.99],[164.49,36.791],[164.49,68.1],[149.35,83.24],[-149.35,83.24],[-164.49,68.1],[-164.49,36.791],[-161.864,33.99],[-130.4,0],[-161.864,-33.99],[-164.49,-36.79],[-164.49,-68.1],[-149.35,-83.24],[149.35,-83.24],[164.49,-68.1],[164.49,-36.79],[161.864,-33.99]],"c":true},"ix":2},"nm":"Path 1","mn":"ADBE Vector Shape - Group","hd":false},{"ty":"fl","c":{"a":0,"k":[1,0.760784373564,0.61568627451,1],"ix":4},"o":{"a":0,"k":100,"ix":5},"r":1,"bm":0,"nm":"Fill 1","mn":"ADBE Vector Graphic - Fill","hd":false},{"ty":"tr","p":{"a":0,"k":[164.74,83.49],"ix":2},"a":{"a":0,"k":[0,0],"ix":1},"s":{"a":0,"k":[100,100],"ix":3},"r":{"a":0,"k":0,"ix":6},"o":{"a":0,"k":100,"ix":7},"sk":{"a":0,"k":0,"ix":4},"sa":{"a":0,"k":0,"ix":5},"nm":"Transform"}],"nm":"Group 1","np":2,"cix":2,"bm":0,"ix":1,"mn":"ADBE Vector Group","hd":false}],"ip":0,"op":150,"st":0,"bm":0},{"ddd":0,"ind":12,"ty":4,"nm":"Layer 2 Outlines 10","parent":1,"td":1,"sr":1,"ks":{"o":{"a":0,"k":100,"ix":11},"r":{"a":1,"k":[{"i":{"x":[0.116],"y":[1]},"o":{"x":[0.04],"y":[-0.052]},"t":10,"s":[0]},{"i":{"x":[0.116],"y":[1]},"o":{"x":[0.167],"y":[0]},"t":42,"s":[-5]},{"i":{"x":[0.96],"y":[1.052]},"o":{"x":[0.884],"y":[0]},"t":90,"s":[-5]},{"t":122,"s":[0]}],"ix":10},"p":{"a":0,"k":[-38.26,0.23,0],"ix":2,"l":2},"a":{"a":0,"k":[329.74,83.49,0],"ix":1,"l":2},"s":{"a":0,"k":[100,100,100],"ix":6,"l":2}},"ao":0,"shapes":[{"ty":"gr","it":[{"ind":0,"ty":"sh","ix":1,"ks":{"a":0,"k":{"i":[[0,-17.937],[-17.603,-1.34],[0,-1.481],[0,0],[8.362,0],[0,0],[0,8.362],[0,0],[-1.476,0.113],[0,17.946],[17.603,1.341],[0,1.48],[0,0],[-8.362,0],[0,0],[0,-8.362],[0,0],[1.476,-0.113]],"o":[[0,17.946],[1.476,0.113],[0,0],[0,8.362],[0,0],[-8.362,0],[0,0],[0,-1.481],[17.603,-1.34],[0,-17.937],[-1.476,-0.113],[0,0],[0,-8.362],[0,0],[8.362,0],[0,0],[0,1.48],[-17.603,1.341]],"v":[[130.4,0],[161.864,33.99],[164.49,36.791],[164.49,68.1],[149.35,83.24],[-149.35,83.24],[-164.49,68.1],[-164.49,36.791],[-161.864,33.99],[-130.4,0],[-161.864,-33.99],[-164.49,-36.79],[-164.49,-68.1],[-149.35,-83.24],[149.35,-83.24],[164.49,-68.1],[164.49,-36.79],[161.864,-33.99]],"c":true},"ix":2},"nm":"Path 1","mn":"ADBE Vector Shape - Group","hd":false},{"ty":"fl","c":{"a":0,"k":[0.623529411765,0.764705942191,0.572549019608,1],"ix":4},"o":{"a":0,"k":100,"ix":5},"r":1,"bm":0,"nm":"Fill 1","mn":"ADBE Vector Graphic - Fill","hd":false},{"ty":"tr","p":{"a":0,"k":[164.74,83.49],"ix":2},"a":{"a":0,"k":[0,0],"ix":1},"s":{"a":0,"k":[100,100],"ix":3},"r":{"a":0,"k":0,"ix":6},"o":{"a":0,"k":100,"ix":7},"sk":{"a":0,"k":0,"ix":4},"sa":{"a":0,"k":0,"ix":5},"nm":"Transform"}],"nm":"Group 1","np":2,"cix":2,"bm":0,"ix":1,"mn":"ADBE Vector Group","hd":false}],"ip":0,"op":150,"st":0,"bm":0},{"ddd":0,"ind":13,"ty":5,"nm":"80%","parent":14,"tt":1,"sr":1,"ks":{"o":{"a":0,"k":20,"ix":11},"r":{"a":0,"k":0,"ix":10},"p":{"a":0,"k":[173.318,162.956,0],"ix":2,"l":2},"a":{"a":0,"k":[0,0,0],"ix":1,"l":2},"s":{"a":0,"k":[260.06,260.06,100],"ix":6,"l":2}},"ao":0,"t":{"d":{"k":[{"s":{"s":89,"f":"Gilroy-HeavyItalic","t":"80%","j":2,"tr":0,"lh":106.8,"ls":0,"fc":[0.998,0.998,0.998]},"t":0}]},"p":{},"m":{"g":1,"a":{"a":0,"k":[0,0],"ix":2}},"a":[]},"ip":0,"op":150,"st":0,"bm":0},{"ddd":0,"ind":14,"ty":4,"nm":"Layer 2 Outlines 5","parent":1,"sr":1,"ks":{"o":{"a":0,"k":100,"ix":11},"r":{"a":1,"k":[{"i":{"x":[0.116],"y":[1]},"o":{"x":[0.04],"y":[-0.052]},"t":10,"s":[0]},{"i":{"x":[0.116],"y":[1]},"o":{"x":[0.167],"y":[0]},"t":42,"s":[-5]},{"i":{"x":[0.96],"y":[1.052]},"o":{"x":[0.884],"y":[0]},"t":90,"s":[-5]},{"t":122,"s":[0]}],"ix":10},"p":{"a":0,"k":[-38.26,0.23,0],"ix":2,"l":2},"a":{"a":0,"k":[329.74,83.49,0],"ix":1,"l":2},"s":{"a":0,"k":[100,100,100],"ix":6,"l":2}},"ao":0,"shapes":[{"ty":"gr","it":[{"ind":0,"ty":"sh","ix":1,"ks":{"a":0,"k":{"i":[[0,-17.937],[-17.603,-1.34],[0,-1.481],[0,0],[8.362,0],[0,0],[0,8.362],[0,0],[-1.476,0.113],[0,17.946],[17.603,1.341],[0,1.48],[0,0],[-8.362,0],[0,0],[0,-8.362],[0,0],[1.476,-0.113]],"o":[[0,17.946],[1.476,0.113],[0,0],[0,8.362],[0,0],[-8.362,0],[0,0],[0,-1.481],[17.603,-1.34],[0,-17.937],[-1.476,-0.113],[0,0],[0,-8.362],[0,0],[8.362,0],[0,0],[0,1.48],[-17.603,1.341]],"v":[[130.4,0],[161.864,33.99],[164.49,36.791],[164.49,68.1],[149.35,83.24],[-149.35,83.24],[-164.49,68.1],[-164.49,36.791],[-161.864,33.99],[-130.4,0],[-161.864,-33.99],[-164.49,-36.79],[-164.49,-68.1],[-149.35,-83.24],[149.35,-83.24],[164.49,-68.1],[164.49,-36.79],[161.864,-33.99]],"c":true},"ix":2},"nm":"Path 1","mn":"ADBE Vector Shape - Group","hd":false},{"ty":"fl","c":{"a":0,"k":[0.623529411765,0.764705942191,0.572549019608,1],"ix":4},"o":{"a":0,"k":100,"ix":5},"r":1,"bm":0,"nm":"Fill 1","mn":"ADBE Vector Graphic - Fill","hd":false},{"ty":"tr","p":{"a":0,"k":[164.74,83.49],"ix":2},"a":{"a":0,"k":[0,0],"ix":1},"s":{"a":0,"k":[100,100],"ix":3},"r":{"a":0,"k":0,"ix":6},"o":{"a":0,"k":100,"ix":7},"sk":{"a":0,"k":0,"ix":4},"sa":{"a":0,"k":0,"ix":5},"nm":"Transform"}],"nm":"Group 1","np":2,"cix":2,"bm":0,"ix":1,"mn":"ADBE Vector Group","hd":false}],"ip":0,"op":150,"st":0,"bm":0},{"ddd":0,"ind":15,"ty":4,"nm":"Layer 2 Outlines 11","parent":1,"td":1,"sr":1,"ks":{"o":{"a":0,"k":100,"ix":11},"r":{"a":1,"k":[{"i":{"x":[0.116],"y":[1]},"o":{"x":[0.04],"y":[-0.017]},"t":10,"s":[0]},{"i":{"x":[0.116],"y":[1]},"o":{"x":[0.167],"y":[0]},"t":42,"s":[-15]},{"i":{"x":[0.96],"y":[1.017]},"o":{"x":[0.884],"y":[0]},"t":90,"s":[-15]},{"t":122,"s":[0]}],"ix":10},"p":{"a":0,"k":[-38.26,0.23,0],"ix":2,"l":2},"a":{"a":0,"k":[329.74,83.49,0],"ix":1,"l":2},"s":{"a":0,"k":[100,100,100],"ix":6,"l":2}},"ao":0,"shapes":[{"ty":"gr","it":[{"ind":0,"ty":"sh","ix":1,"ks":{"a":0,"k":{"i":[[0,-17.937],[-17.603,-1.34],[0,-1.481],[0,0],[8.362,0],[0,0],[0,8.362],[0,0],[-1.476,0.113],[0,17.946],[17.603,1.341],[0,1.48],[0,0],[-8.362,0],[0,0],[0,-8.362],[0,0],[1.476,-0.113]],"o":[[0,17.946],[1.476,0.113],[0,0],[0,8.362],[0,0],[-8.362,0],[0,0],[0,-1.481],[17.603,-1.34],[0,-17.937],[-1.476,-0.113],[0,0],[0,-8.362],[0,0],[8.362,0],[0,0],[0,1.48],[-17.603,1.341]],"v":[[130.4,0],[161.864,33.99],[164.49,36.791],[164.49,68.1],[149.35,83.24],[-149.35,83.24],[-164.49,68.1],[-164.49,36.791],[-161.864,33.99],[-130.4,0],[-161.864,-33.99],[-164.49,-36.79],[-164.49,-68.1],[-149.35,-83.24],[149.35,-83.24],[164.49,-68.1],[164.49,-36.79],[161.864,-33.99]],"c":true},"ix":2},"nm":"Path 1","mn":"ADBE Vector Shape - Group","hd":false},{"ty":"fl","c":{"a":0,"k":[0.686274509804,0.847058883368,0.909803981407,1],"ix":4},"o":{"a":0,"k":100,"ix":5},"r":1,"bm":0,"nm":"Fill 1","mn":"ADBE Vector Graphic - Fill","hd":false},{"ty":"tr","p":{"a":0,"k":[164.74,83.49],"ix":2},"a":{"a":0,"k":[0,0],"ix":1},"s":{"a":0,"k":[100,100],"ix":3},"r":{"a":0,"k":0,"ix":6},"o":{"a":0,"k":100,"ix":7},"sk":{"a":0,"k":0,"ix":4},"sa":{"a":0,"k":0,"ix":5},"nm":"Transform"}],"nm":"Group 1","np":2,"cix":2,"bm":0,"ix":1,"mn":"ADBE Vector Group","hd":false}],"ip":0,"op":150,"st":0,"bm":0},{"ddd":0,"ind":16,"ty":5,"nm":"20% 2","parent":17,"tt":1,"sr":1,"ks":{"o":{"a":0,"k":20,"ix":11},"r":{"a":0,"k":0,"ix":10},"p":{"a":0,"k":[173.318,162.956,0],"ix":2,"l":2},"a":{"a":0,"k":[0,0,0],"ix":1,"l":2},"s":{"a":0,"k":[260.06,260.06,100],"ix":6,"l":2}},"ao":0,"t":{"d":{"k":[{"s":{"s":89,"f":"Gilroy-HeavyItalic","t":"20%","j":2,"tr":0,"lh":106.8,"ls":0,"fc":[0.998,0.998,0.998]},"t":0}]},"p":{},"m":{"g":1,"a":{"a":0,"k":[0,0],"ix":2}},"a":[]},"ip":0,"op":150,"st":0,"bm":0},{"ddd":0,"ind":17,"ty":4,"nm":"Layer 2 Outlines 4","parent":1,"sr":1,"ks":{"o":{"a":0,"k":100,"ix":11},"r":{"a":1,"k":[{"i":{"x":[0.116],"y":[1]},"o":{"x":[0.04],"y":[-0.017]},"t":10,"s":[0]},{"i":{"x":[0.116],"y":[1]},"o":{"x":[0.167],"y":[0]},"t":42,"s":[-15]},{"i":{"x":[0.96],"y":[1.017]},"o":{"x":[0.884],"y":[0]},"t":90,"s":[-15]},{"t":122,"s":[0]}],"ix":10},"p":{"a":0,"k":[-38.26,0.23,0],"ix":2,"l":2},"a":{"a":0,"k":[329.74,83.49,0],"ix":1,"l":2},"s":{"a":0,"k":[100,100,100],"ix":6,"l":2}},"ao":0,"shapes":[{"ty":"gr","it":[{"ind":0,"ty":"sh","ix":1,"ks":{"a":0,"k":{"i":[[0,-17.937],[-17.603,-1.34],[0,-1.481],[0,0],[8.362,0],[0,0],[0,8.362],[0,0],[-1.476,0.113],[0,17.946],[17.603,1.341],[0,1.48],[0,0],[-8.362,0],[0,0],[0,-8.362],[0,0],[1.476,-0.113]],"o":[[0,17.946],[1.476,0.113],[0,0],[0,8.362],[0,0],[-8.362,0],[0,0],[0,-1.481],[17.603,-1.34],[0,-17.937],[-1.476,-0.113],[0,0],[0,-8.362],[0,0],[8.362,0],[0,0],[0,1.48],[-17.603,1.341]],"v":[[130.4,0],[161.864,33.99],[164.49,36.791],[164.49,68.1],[149.35,83.24],[-149.35,83.24],[-164.49,68.1],[-164.49,36.791],[-161.864,33.99],[-130.4,0],[-161.864,-33.99],[-164.49,-36.79],[-164.49,-68.1],[-149.35,-83.24],[149.35,-83.24],[164.49,-68.1],[164.49,-36.79],[161.864,-33.99]],"c":true},"ix":2},"nm":"Path 1","mn":"ADBE Vector Shape - Group","hd":false},{"ty":"fl","c":{"a":0,"k":[0.686274509804,0.847058883368,0.909803981407,1],"ix":4},"o":{"a":0,"k":100,"ix":5},"r":1,"bm":0,"nm":"Fill 1","mn":"ADBE Vector Graphic - Fill","hd":false},{"ty":"tr","p":{"a":0,"k":[164.74,83.49],"ix":2},"a":{"a":0,"k":[0,0],"ix":1},"s":{"a":0,"k":[100,100],"ix":3},"r":{"a":0,"k":0,"ix":6},"o":{"a":0,"k":100,"ix":7},"sk":{"a":0,"k":0,"ix":4},"sa":{"a":0,"k":0,"ix":5},"nm":"Transform"}],"nm":"Group 1","np":2,"cix":2,"bm":0,"ix":1,"mn":"ADBE Vector Group","hd":false}],"ip":0,"op":150,"st":0,"bm":0},{"ddd":0,"ind":18,"ty":4,"nm":"Layer 2 Outlines 12","parent":1,"td":1,"sr":1,"ks":{"o":{"a":0,"k":100,"ix":11},"r":{"a":1,"k":[{"i":{"x":[0.116],"y":[1]},"o":{"x":[0.04],"y":[-0.01]},"t":10,"s":[0]},{"i":{"x":[0.116],"y":[1]},"o":{"x":[0.167],"y":[0]},"t":42,"s":[-25]},{"i":{"x":[0.96],"y":[1.01]},"o":{"x":[0.884],"y":[0]},"t":90,"s":[-25]},{"t":122,"s":[0]}],"ix":10},"p":{"a":0,"k":[-38.26,0.23,0],"ix":2,"l":2},"a":{"a":0,"k":[329.74,83.49,0],"ix":1,"l":2},"s":{"a":0,"k":[100,100,100],"ix":6,"l":2}},"ao":0,"shapes":[{"ty":"gr","it":[{"ind":0,"ty":"sh","ix":1,"ks":{"a":0,"k":{"i":[[0,-17.937],[-17.603,-1.34],[0,-1.481],[0,0],[8.362,0],[0,0],[0,8.362],[0,0],[-1.476,0.113],[0,17.946],[17.603,1.341],[0,1.48],[0,0],[-8.362,0],[0,0],[0,-8.362],[0,0],[1.476,-0.113]],"o":[[0,17.946],[1.476,0.113],[0,0],[0,8.362],[0,0],[-8.362,0],[0,0],[0,-1.481],[17.603,-1.34],[0,-17.937],[-1.476,-0.113],[0,0],[0,-8.362],[0,0],[8.362,0],[0,0],[0,1.48],[-17.603,1.341]],"v":[[130.4,0],[161.864,33.99],[164.49,36.791],[164.49,68.1],[149.35,83.24],[-149.35,83.24],[-164.49,68.1],[-164.49,36.791],[-161.864,33.99],[-130.4,0],[-161.864,-33.99],[-164.49,-36.79],[-164.49,-68.1],[-149.35,-83.24],[149.35,-83.24],[164.49,-68.1],[164.49,-36.79],[161.864,-33.99]],"c":true},"ix":2},"nm":"Path 1","mn":"ADBE Vector Shape - Group","hd":false},{"ty":"fl","c":{"a":0,"k":[0.988235353956,0.694117647059,0.725490196078,1],"ix":4},"o":{"a":0,"k":100,"ix":5},"r":1,"bm":0,"nm":"Fill 1","mn":"ADBE Vector Graphic - Fill","hd":false},{"ty":"tr","p":{"a":0,"k":[164.74,83.49],"ix":2},"a":{"a":0,"k":[0,0],"ix":1},"s":{"a":0,"k":[100,100],"ix":3},"r":{"a":0,"k":0,"ix":6},"o":{"a":0,"k":100,"ix":7},"sk":{"a":0,"k":0,"ix":4},"sa":{"a":0,"k":0,"ix":5},"nm":"Transform"}],"nm":"Group 1","np":2,"cix":2,"bm":0,"ix":1,"mn":"ADBE Vector Group","hd":false}],"ip":0,"op":150,"st":0,"bm":0},{"ddd":0,"ind":19,"ty":5,"nm":"40%","parent":20,"tt":1,"sr":1,"ks":{"o":{"a":0,"k":20,"ix":11},"r":{"a":0,"k":0,"ix":10},"p":{"a":0,"k":[173.318,162.956,0],"ix":2,"l":2},"a":{"a":0,"k":[0,0,0],"ix":1,"l":2},"s":{"a":0,"k":[260.06,260.06,100],"ix":6,"l":2}},"ao":0,"t":{"d":{"k":[{"s":{"s":89,"f":"Gilroy-HeavyItalic","t":"40%","j":2,"tr":0,"lh":106.8,"ls":0,"fc":[0.998,0.998,0.998]},"t":0}]},"p":{},"m":{"g":1,"a":{"a":0,"k":[0,0],"ix":2}},"a":[]},"ip":0,"op":150,"st":0,"bm":0},{"ddd":0,"ind":20,"ty":4,"nm":"Layer 2 Outlines 3","parent":1,"sr":1,"ks":{"o":{"a":0,"k":100,"ix":11},"r":{"a":1,"k":[{"i":{"x":[0.116],"y":[1]},"o":{"x":[0.04],"y":[-0.01]},"t":10,"s":[0]},{"i":{"x":[0.116],"y":[1]},"o":{"x":[0.167],"y":[0]},"t":42,"s":[-25]},{"i":{"x":[0.96],"y":[1.01]},"o":{"x":[0.884],"y":[0]},"t":90,"s":[-25]},{"t":122,"s":[0]}],"ix":10},"p":{"a":0,"k":[-38.26,0.23,0],"ix":2,"l":2},"a":{"a":0,"k":[329.74,83.49,0],"ix":1,"l":2},"s":{"a":0,"k":[100,100,100],"ix":6,"l":2}},"ao":0,"shapes":[{"ty":"gr","it":[{"ind":0,"ty":"sh","ix":1,"ks":{"a":0,"k":{"i":[[0,-17.937],[-17.603,-1.34],[0,-1.481],[0,0],[8.362,0],[0,0],[0,8.362],[0,0],[-1.476,0.113],[0,17.946],[17.603,1.341],[0,1.48],[0,0],[-8.362,0],[0,0],[0,-8.362],[0,0],[1.476,-0.113]],"o":[[0,17.946],[1.476,0.113],[0,0],[0,8.362],[0,0],[-8.362,0],[0,0],[0,-1.481],[17.603,-1.34],[0,-17.937],[-1.476,-0.113],[0,0],[0,-8.362],[0,0],[8.362,0],[0,0],[0,1.48],[-17.603,1.341]],"v":[[130.4,0],[161.864,33.99],[164.49,36.791],[164.49,68.1],[149.35,83.24],[-149.35,83.24],[-164.49,68.1],[-164.49,36.791],[-161.864,33.99],[-130.4,0],[-161.864,-33.99],[-164.49,-36.79],[-164.49,-68.1],[-149.35,-83.24],[149.35,-83.24],[164.49,-68.1],[164.49,-36.79],[161.864,-33.99]],"c":true},"ix":2},"nm":"Path 1","mn":"ADBE Vector Shape - Group","hd":false},{"ty":"fl","c":{"a":0,"k":[0.988235353956,0.694117647059,0.725490196078,1],"ix":4},"o":{"a":0,"k":100,"ix":5},"r":1,"bm":0,"nm":"Fill 1","mn":"ADBE Vector Graphic - Fill","hd":false},{"ty":"tr","p":{"a":0,"k":[164.74,83.49],"ix":2},"a":{"a":0,"k":[0,0],"ix":1},"s":{"a":0,"k":[100,100],"ix":3},"r":{"a":0,"k":0,"ix":6},"o":{"a":0,"k":100,"ix":7},"sk":{"a":0,"k":0,"ix":4},"sa":{"a":0,"k":0,"ix":5},"nm":"Transform"}],"nm":"Group 1","np":2,"cix":2,"bm":0,"ix":1,"mn":"ADBE Vector Group","hd":false}],"ip":0,"op":150,"st":0,"bm":0}],"markers":[],"chars":[{"ch":"4","size":89,"style":"?","w":58.5,"data":{"shapes":[{"ty":"gr","it":[{"ind":0,"ty":"sh","ix":1,"ks":{"a":0,"k":{"i":[[0,0],[0,0],[0,0],[0,0],[0,0],[0,0],[0,0],[0,0],[0,0],[0,0],[0,0],[0,0],[0,0],[0,0],[0,0]],"o":[[0,0],[0,0],[0,0],[0,0],[0,0],[0,0],[0,0],[0,0],[0,0],[0,0],[0,0],[0,0],[0,0],[0,0],[0,0]],"v":[[50.6,-28.2],[52.3,-38],[32.7,-38],[31,-28.198],[24.302,-28.198],[50.9,-70],[27.8,-70],[1.57,-28.219],[-1.63,-10.206],[27.8,-10.206],[26,0],[45.6,0],[47.4,-10.2],[54.4,-10.2],[57.6,-28.2]],"c":true},"ix":2},"nm":"4","mn":"ADBE Vector Shape - Group","hd":false}],"nm":"4","np":3,"cix":2,"bm":0,"ix":1,"mn":"ADBE Vector Group","hd":false}]},"fFamily":"Gilroy-HeavyItalic"},{"ch":"0","size":89,"style":"?","w":63,"data":{"shapes":[{"ty":"gr","it":[{"ind":0,"ty":"sh","ix":1,"ks":{"a":0,"k":{"i":[[-5.967,6.267],[-2,11.2],[4.2,7],[9.133,0],[6.033,-6.3],[1.933,-11.133],[-4.2,-7],[-9.2,0]],"o":[[5.966,-6.266],[1.933,-11.066],[-4.2,-7],[-9.534,0],[-6.034,6.3],[-2,11.067],[4.2,7],[9.6,0]],"v":[[50.65,-7.8],[62.6,-34],[59.2,-61.1],[39.2,-71.6],[15.85,-62.15],[3.9,-36],[7.2,-8.9],[27.3,1.6]],"c":true},"ix":2},"nm":"0","mn":"ADBE Vector Shape - Group","hd":false},{"ind":1,"ty":"sh","ix":2,"ks":{"a":0,"k":{"i":[[-2.067,11.467],[-6.4,0],[1.933,-11.466],[6.333,0]],"o":[[1.933,-11.466],[6.266,0],[-2.067,11.467],[-6.334,0]],"v":[[23.8,-35],[36.3,-52.2],[42.8,-35],[30.2,-17.8]],"c":true},"ix":2},"nm":"0","mn":"ADBE Vector Shape - Group","hd":false}],"nm":"0","np":5,"cix":2,"bm":0,"ix":1,"mn":"ADBE Vector Group","hd":false}]},"fFamily":"Gilroy-HeavyItalic"},{"ch":"%","size":89,"style":"?","w":86.8,"data":{"shapes":[{"ty":"gr","it":[{"ind":0,"ty":"sh","ix":1,"ks":{"a":0,"k":{"i":[[-4.134,3.467],[-0.934,5.334],[3.166,3.867],[5.466,0],[4.166,-3.5],[0.933,-5.266],[-3.167,-3.866],[-5.534,0]],"o":[[4.133,-3.466],[0.933,-5.333],[-3.167,-3.866],[-5.6,0],[-4.167,3.5],[-0.934,5.334],[3.166,3.867],[5.6,0]],"v":[[39,-38.8],[46.6,-52],[43.25,-65.8],[30.3,-71.6],[15.65,-66.35],[8,-53.2],[11.35,-39.4],[24.4,-33.6]],"c":true},"ix":2},"nm":"%","mn":"ADBE Vector Shape - Group","hd":false},{"ind":1,"ty":"sh","ix":2,"ks":{"a":0,"k":{"i":[[0,0],[0,0],[0,0],[0,0]],"o":[[0,0],[0,0],[0,0],[0,0]],"v":[[19.7,-6.9],[75.2,-56.8],[69,-60.9],[13.5,-11]],"c":true},"ix":2},"nm":"%","mn":"ADBE Vector Shape - Group","hd":false},{"ind":2,"ty":"sh","ix":3,"ks":{"a":0,"k":{"i":[[0.766,1],[-0.267,1.334],[-1.067,0.967],[-1.4,0],[-0.767,-0.966],[0.266,-1.4],[1.1,-1],[1.4,0]],"o":[[-0.767,-1],[0.266,-1.4],[1.066,-0.966],[1.4,0],[0.766,0.967],[-0.267,1.334],[-1.1,1],[-1.334,0]],"v":[[23.25,-49.1],[22.5,-52.6],[24.5,-56.15],[28.2,-57.6],[31.45,-56.15],[32.2,-52.6],[30.15,-49.1],[26.4,-47.6]],"c":true},"ix":2},"nm":"%","mn":"ADBE Vector Shape - Group","hd":false},{"ind":3,"ty":"sh","ix":4,"ks":{"a":0,"k":{"i":[[-4.134,3.467],[-0.934,5.334],[3.166,3.9],[5.466,0],[4.166,-3.5],[0.933,-5.266],[-3.167,-3.866],[-5.534,0]],"o":[[4.133,-3.466],[0.933,-5.266],[-3.167,-3.9],[-5.6,0],[-4.167,3.5],[-0.934,5.334],[3.166,3.867],[5.6,0]],"v":[[74.8,-3.6],[82.4,-16.8],[79.05,-30.55],[66.1,-36.4],[51.45,-31.15],[43.8,-18],[47.15,-4.2],[60.2,1.6]],"c":true},"ix":2},"nm":"%","mn":"ADBE Vector Shape - Group","hd":false},{"ind":4,"ty":"sh","ix":5,"ks":{"a":0,"k":{"i":[[0.766,1],[-0.267,1.334],[-1.067,0.967],[-1.4,0],[-0.767,-1],[0.266,-1.333],[1.1,-1],[1.4,0]],"o":[[-0.767,-1],[0.266,-1.4],[1.066,-0.966],[1.4,0],[0.766,1],[-0.267,1.334],[-1.1,1],[-1.334,0]],"v":[[59.05,-13.9],[58.3,-17.4],[60.3,-20.95],[64,-22.4],[67.25,-20.9],[68,-17.4],[65.95,-13.9],[62.2,-12.4]],"c":true},"ix":2},"nm":"%","mn":"ADBE Vector Shape - Group","hd":false}],"nm":"%","np":8,"cix":2,"bm":0,"ix":1,"mn":"ADBE Vector Group","hd":false}]},"fFamily":"Gilroy-HeavyItalic"},{"ch":"2","size":89,"style":"?","w":54.6,"data":{"shapes":[{"ty":"gr","it":[{"ind":0,"ty":"sh","ix":1,"ks":{"a":0,"k":{"i":[[0,0],[0,0],[0,0],[0,0],[-2,2.867],[-0.734,4.134],[4.266,4.5],[6.8,0],[5.066,-2.866],[3.266,-5.533],[0,0],[-3.467,0],[-0.6,-0.7],[0.133,-1.066],[4.6,-4],[0,0],[0,0]],"o":[[0,0],[0,0],[0,0],[4.266,-3.666],[2,-2.866],[1.2,-7],[-4.267,-4.5],[-5.667,0],[-5.067,2.867],[0,0],[3,-4.933],[1.266,0],[0.6,0.7],[-0.334,2.134],[0,0],[0,0],[0,0]],"v":[[48.2,0],[51.6,-19.4],[32.8,-19.4],[42,-27.3],[51.4,-37.1],[55.5,-47.6],[50.9,-64.85],[34.3,-71.6],[18.2,-67.3],[5.7,-54.7],[22.1,-44.8],[31.8,-52.2],[34.6,-51.15],[35.3,-48.5],[27.9,-39.3],[0.1,-14.6],[-2.4,0]],"c":true},"ix":2},"nm":"2","mn":"ADBE Vector Shape - Group","hd":false}],"nm":"2","np":3,"cix":2,"bm":0,"ix":1,"mn":"ADBE Vector Group","hd":false}]},"fFamily":"Gilroy-HeavyItalic"},{"ch":"8","size":89,"style":"?","w":56.4,"data":{"shapes":[{"ty":"gr","it":[{"ind":0,"ty":"sh","ix":1,"ks":{"a":0,"k":{"i":[[4.266,3.867],[7,0],[4.966,-3.533],[1.066,-6.133],[-4.4,-3.8],[1.4,-7.533],[-4.167,-4],[-8.8,0],[-4.967,3.534],[-1.134,6.467],[5.733,4.2],[-1.067,5.934]],"o":[[-4.267,-3.866],[-6.867,0],[-4.967,3.534],[-1.067,5.8],[-7.2,3.6],[-1.2,6.6],[4.166,4],[8.4,0],[4.966,-3.533],[1.266,-7.333],[5.533,-3.4],[1.133,-6.4]],"v":[[52.3,-65.6],[35.4,-71.4],[17.65,-66.1],[8.6,-51.6],[13.6,-37.2],[0.7,-20.5],[5.15,-4.6],[24.6,1.4],[44.65,-3.9],[53.8,-18.9],[47.1,-36.2],[57,-50.2]],"c":true},"ix":2},"nm":"8","mn":"ADBE Vector Shape - Group","hd":false},{"ind":1,"ty":"sh","ix":2,"ks":{"a":0,"k":{"i":[[-4.2,0],[-1,-0.866],[0.266,-1.666],[1.333,-0.866],[1.866,0],[0.933,0.867],[-0.267,1.667]],"o":[[1.866,0],[1,0.867],[-0.267,1.667],[-1.334,0.867],[-2,0],[-0.934,-0.866],[0.6,-3.4]],"v":[[33.3,-53.8],[37.6,-52.5],[38.7,-48.7],[36.3,-44.9],[31.5,-43.6],[27.1,-44.9],[26.1,-48.7]],"c":true},"ix":2},"nm":"8","mn":"ADBE Vector Shape - Group","hd":false},{"ind":2,"ty":"sh","ix":3,"ks":{"a":0,"k":{"i":[[4.333,0],[1,1.034],[-0.4,1.867],[-4.467,0],[-1.034,-1.033],[0.333,-1.866]],"o":[[-2.134,0],[-1,-1.033],[0.666,-3.933],[2.066,0],[1.033,1.034],[-0.867,3.934]],"v":[[26.7,-16.6],[22,-18.15],[21.1,-22.5],[28.8,-28.4],[33.45,-26.85],[34.5,-22.5]],"c":true},"ix":2},"nm":"8","mn":"ADBE Vector Shape - Group","hd":false}],"nm":"8","np":6,"cix":2,"bm":0,"ix":1,"mn":"ADBE Vector Group","hd":false}]},"fFamily":"Gilroy-HeavyItalic"},{"ch":"3","size":89,"style":"?","w":52.5,"data":{"shapes":[{"ty":"gr","it":[{"ind":0,"ty":"sh","ix":1,"ks":{"a":0,"k":{"i":[[0,0],[0,0],[0,0],[0,0],[0,0],[0,0],[-1.034,-0.833],[0.266,-1.666],[4.066,0],[1.266,4.467],[0,0],[-4.2,-2.8],[-6.134,0],[-5.2,3.634],[-1.4,7.467],[2.133,3.534],[4.066,1.6],[0,0],[0,0]],"o":[[0,0],[0,0],[0,0],[0,0],[0,0],[1.666,0],[1.033,0.834],[-0.6,3.467],[-4,0],[0,0],[1.533,5.467],[4.2,2.8],[7.466,0],[5.2,-3.633],[0.8,-4.933],[-2.134,-3.533],[0,0],[0,0],[0,0]],"v":[[10.6,-70],[7.2,-50.6],[27.7,-50.6],[17,-39.6],[22.7,-28],[26.8,-28],[30.85,-26.75],[32,-23],[25,-17.8],[17.1,-24.5],[-1.3,-15],[7.3,-2.6],[22.8,1.6],[41.8,-3.85],[51.7,-20.5],[49.7,-33.2],[40.4,-40.9],[53.9,-54.6],[56.6,-70]],"c":true},"ix":2},"nm":"3","mn":"ADBE Vector Shape - Group","hd":false}],"nm":"3","np":3,"cix":2,"bm":0,"ix":1,"mn":"ADBE Vector Group","hd":false}]},"fFamily":"Gilroy-HeavyItalic"},{"ch":" ","size":89,"style":"?","w":20,"data":{},"fFamily":"Gilroy-HeavyItalic"},{"ch":"O","size":89,"style":"?","w":79.2,"data":{"shapes":[{"ty":"gr","it":[{"ind":0,"ty":"sh","ix":1,"ks":{"a":0,"k":{"i":[[-7.434,7.067],[-1.534,9.734],[1.066,4.434],[2.6,3.534],[4.533,2.167],[5.733,0],[7.566,-6.966],[1.6,-9.666],[-2.1,-5.7],[-5.4,-3.766],[-7.6,0]],"o":[[7.433,-7.066],[0.733,-4.666],[-1.067,-4.433],[-2.6,-3.533],[-4.534,-2.166],[-11.067,0],[-7.567,6.967],[-1,6.267],[2.1,5.7],[5.4,3.767],[11.2,0]],"v":[[64.85,-9],[78.3,-34.2],[77.8,-47.85],[72.3,-59.8],[61.6,-68.35],[46.2,-71.6],[18.25,-61.15],[4.5,-36.2],[6.15,-18.25],[17.4,-4.05],[36.9,1.6]],"c":true},"ix":2},"nm":"O","mn":"ADBE Vector Shape - Group","hd":false},{"ind":1,"ty":"sh","ix":2,"ks":{"a":0,"k":{"i":[[-0.867,4.867],[-3.8,3.234],[-4.934,0],[-2.667,-3.233],[0.866,-4.866],[3.8,-3.233],[4.933,0],[2.666,3.234]],"o":[[0.866,-4.866],[3.8,-3.233],[4.933,0],[2.666,3.234],[-0.867,4.867],[-3.8,3.234],[-4.934,0],[-2.667,-3.233]],"v":[[24.3,-35],[31.3,-47.15],[44.4,-52],[55.8,-47.15],[58.5,-35],[51.5,-22.85],[38.4,-18],[27,-22.85]],"c":true},"ix":2},"nm":"O","mn":"ADBE Vector Shape - Group","hd":false}],"nm":"O","np":5,"cix":2,"bm":0,"ix":1,"mn":"ADBE Vector Group","hd":false}]},"fFamily":"Gilroy-HeavyItalic"},{"ch":"f","size":89,"style":"?","w":34.5,"data":{"shapes":[{"ty":"gr","it":[{"ind":0,"ty":"sh","ix":1,"ks":{"a":0,"k":{"i":[[0,0],[5.031,-3.7],[1.322,-7.466],[0,0],[0,0],[0,0],[0,0],[0,0],[0,0],[0,0],[0,0],[0,0],[-1.5,0.934],[-2.4,-0.2]],"o":[[-8.534,-0.466],[-5.031,3.7],[0,0],[0,0],[0,0],[0,0],[0,0],[0,0],[0,0],[0,0],[0,0],[0.333,-1.666],[1.5,-0.933],[0,0]],"v":[[41.097,-71.597],[20.748,-66.747],[11.217,-49.997],[5.42,-49.997],[2.32,-32.445],[8.12,-32.445],[2.4,0],[20.78,0],[26.497,-32.419],[34.197,-32.419],[37.297,-49.997],[29.597,-49.997],[32.347,-53.897],[38.197,-54.997]],"c":true},"ix":2},"nm":"f","mn":"ADBE Vector Shape - Group","hd":false}],"nm":"f","np":3,"cix":2,"bm":0,"ix":1,"mn":"ADBE Vector Group","hd":false}]},"fFamily":"Gilroy-HeavyItalic"}]}