<layer-list xmlns:android="http://schemas.android.com/apk/res/android">
    <!-- Background -->
    <item android:id="@android:id/background">
        <shape>
            <corners android:radius="10dp" /> <!-- Adjust radius as needed -->
            <solid android:color="@color/gray_border" />
        </shape>
    </item>
    <!-- Progress -->
    <item android:id="@android:id/progress">
        <clip>
            <shape>
                <corners android:radius="10dp" /> <!-- Adjust radius as needed -->
                <gradient
                    android:startColor="#FF0000"
                    android:centerColor="#FFA500"
                    android:endColor="#00FF00"
                    android:angle="0"/>
            </shape>
        </clip>
    </item>
</layer-list>
