{"v":"5.5.7","meta":{"g":"LottieFiles AE 0.1.20","a":"","k":"","d":"","tc":"none"},"fr":29.9700012207031,"ip":0,"op":180.00000733155,"w":1000,"h":1000,"nm":"Loding step 2","ddd":0,"assets":[{"id":"comp_0","layers":[{"ddd":0,"ind":1,"ty":5,"nm":"3","sr":1,"ks":{"o":{"a":0,"k":100,"ix":11},"r":{"a":0,"k":0,"ix":10},"p":{"a":0,"k":[786.5,499.75,0],"ix":2},"a":{"a":0,"k":[10.5,-12,0],"ix":1},"s":{"a":1,"k":[{"i":{"x":[0.593,0.593,0.593],"y":[0.567,0.567,-52.554]},"o":{"x":[0.175,0.175,0.175],"y":[0,0,0]},"t":139,"s":[0,0,100]},{"i":{"x":[0.698,0.698,0.698],"y":[1,1,1]},"o":{"x":[0.351,0.351,0.351],"y":[-0.686,-0.686,15.416]},"t":157,"s":[110,110,100]},{"t":163.000006639126,"s":[90,90,100]}],"ix":6}},"ao":0,"t":{"d":{"k":[{"s":{"s":36,"f":"TimesNewRomanPSMT","t":"3","j":0,"tr":0,"lh":43.2,"ls":0,"fc":[0.922,0.922,0.922]},"t":0}]},"p":{},"m":{"g":1,"a":{"a":0,"k":[0,0],"ix":2}},"a":[]},"ip":0,"op":180.00000733155,"st":0,"bm":0},{"ddd":0,"ind":2,"ty":4,"nm":"Layer 5 Outlines 2","sr":1,"ks":{"o":{"a":0,"k":100,"ix":11},"r":{"a":0,"k":0,"ix":10},"p":{"a":0,"k":[785.271,500.15,0],"ix":2},"a":{"a":0,"k":[18.682,18.683,0],"ix":1},"s":{"a":0,"k":[100,100,100],"ix":6}},"ao":0,"shapes":[{"ty":"gr","it":[{"ind":0,"ty":"sh","ix":1,"ks":{"a":0,"k":{"i":[[0,-10.18],[10.18,0],[0,10.181],[-10.18,0]],"o":[[0,10.181],[-10.18,0],[0,-10.18],[10.18,0]],"v":[[18.433,0],[-0.001,18.433],[-18.433,0],[-0.001,-18.433]],"c":true},"ix":2},"nm":"Path 1","mn":"ADBE Vector Shape - Group","hd":false},{"ty":"fl","c":{"a":0,"k":[0.24313725490196078,0.7098039215686275,0.14901960784313725,1],"ix":4},"o":{"a":0,"k":100,"ix":5},"r":1,"bm":0,"nm":"Fill 1","mn":"ADBE Vector Graphic - Fill","hd":false},{"ty":"tr","p":{"a":0,"k":[18.682,18.683],"ix":2},"a":{"a":0,"k":[0,0],"ix":1},"s":{"a":0,"k":[100,100],"ix":3},"r":{"a":0,"k":0,"ix":6},"o":{"a":0,"k":100,"ix":7},"sk":{"a":0,"k":0,"ix":4},"sa":{"a":0,"k":0,"ix":5},"nm":"Transform"}],"nm":"Group 1","np":4,"cix":2,"bm":0,"ix":1,"mn":"ADBE Vector Group","hd":false},{"ty":"tm","s":{"a":0,"k":0,"ix":1},"e":{"a":1,"k":[{"i":{"x":[0],"y":[1]},"o":{"x":[0.333],"y":[0]},"t":126,"s":[0]},{"t":145.000005905971,"s":[100]}],"ix":2},"o":{"a":0,"k":-34,"ix":3},"m":1,"ix":2,"nm":"Trim Paths 1","mn":"ADBE Vector Filter - Trim","hd":false}],"ip":0,"op":180.00000733155,"st":0,"bm":0},{"ddd":0,"ind":3,"ty":5,"nm":"2","sr":1,"ks":{"o":{"a":0,"k":100,"ix":11},"r":{"a":0,"k":0,"ix":10},"p":{"a":0,"k":[486,499.75,0],"ix":2},"a":{"a":0,"k":[10.5,-12,0],"ix":1},"s":{"a":1,"k":[{"i":{"x":[0.593,0.593,0.593],"y":[0.567,0.567,-52.554]},"o":{"x":[0.175,0.175,0.175],"y":[0,0,0]},"t":75,"s":[0,0,100]},{"i":{"x":[0.698,0.698,0.698],"y":[1,1,1]},"o":{"x":[0.351,0.351,0.351],"y":[-0.686,-0.686,15.416]},"t":93,"s":[110,110,100]},{"t":99.0000040323527,"s":[90,90,100]}],"ix":6}},"ao":0,"t":{"d":{"k":[{"s":{"s":36,"f":"TimesNewRomanPSMT","t":"2","j":0,"tr":0,"lh":43.2,"ls":0,"fc":[0.922,0.922,0.922]},"t":0}]},"p":{},"m":{"g":1,"a":{"a":0,"k":[0,0],"ix":2}},"a":[]},"ip":0,"op":180.00000733155,"st":0,"bm":0},{"ddd":0,"ind":4,"ty":4,"nm":"Layer 6 Outlines 2","sr":1,"ks":{"o":{"a":0,"k":100,"ix":11},"r":{"a":0,"k":0,"ix":10},"p":{"a":0,"k":[485.903,500.15,0],"ix":2},"a":{"a":0,"k":[18.683,18.683,0],"ix":1},"s":{"a":0,"k":[100,100,100],"ix":6}},"ao":0,"shapes":[{"ty":"gr","it":[{"ind":0,"ty":"sh","ix":1,"ks":{"a":0,"k":{"i":[[0,-10.18],[10.181,0],[0,10.181],[-10.179,0]],"o":[[0,10.181],[-10.179,0],[0,-10.18],[10.181,0]],"v":[[18.433,0],[-0.001,18.433],[-18.433,0],[-0.001,-18.433]],"c":true},"ix":2},"nm":"Path 1","mn":"ADBE Vector Shape - Group","hd":false},{"ty":"fl","c":{"a":0,"k":[0.24313725490196078,0.7098039215686275,0.14901960784313725,1],"ix":4},"o":{"a":0,"k":100,"ix":5},"r":1,"bm":0,"nm":"Fill 1","mn":"ADBE Vector Graphic - Fill","hd":false},{"ty":"tr","p":{"a":0,"k":[18.682,18.683],"ix":2},"a":{"a":0,"k":[0,0],"ix":1},"s":{"a":0,"k":[100,100],"ix":3},"r":{"a":0,"k":0,"ix":6},"o":{"a":0,"k":100,"ix":7},"sk":{"a":0,"k":0,"ix":4},"sa":{"a":0,"k":0,"ix":5},"nm":"Transform"}],"nm":"Group 1","np":4,"cix":2,"bm":0,"ix":1,"mn":"ADBE Vector Group","hd":false},{"ty":"tm","s":{"a":0,"k":0,"ix":1},"e":{"a":1,"k":[{"i":{"x":[0.102],"y":[1]},"o":{"x":[0.333],"y":[0]},"t":65,"s":[0]},{"t":75.0000030548126,"s":[100]}],"ix":2},"o":{"a":0,"k":209,"ix":3},"m":1,"ix":2,"nm":"Trim Paths 1","mn":"ADBE Vector Filter - Trim","hd":false}],"ip":0,"op":180.00000733155,"st":0,"bm":0},{"ddd":0,"ind":5,"ty":5,"nm":"1","sr":1,"ks":{"o":{"a":0,"k":100,"ix":11},"r":{"a":0,"k":0,"ix":10},"p":{"a":0,"k":[225,499.75,0],"ix":2},"a":{"a":0,"k":[10.5,-12,0],"ix":1},"s":{"a":1,"k":[{"i":{"x":[0.593,0.593,0.593],"y":[0.639,0.639,-43.628]},"o":{"x":[0.175,0.175,0.175],"y":[0,0,0]},"t":15,"s":[0,0,100]},{"i":{"x":[0.698,0.698,0.698],"y":[1,1,1]},"o":{"x":[0.351,0.351,0.351],"y":[-0.572,-0.572,12.847]},"t":30,"s":[110,110,100]},{"t":35.0000014255792,"s":[90,90,100]}],"ix":6}},"ao":0,"t":{"d":{"k":[{"s":{"s":36,"f":"TimesNewRomanPSMT","t":"1","j":0,"tr":0,"lh":43.2,"ls":0,"fc":[0.922,0.922,0.922]},"t":0}]},"p":{},"m":{"g":1,"a":{"a":0,"k":[0,0],"ix":2}},"a":[]},"ip":0,"op":180.00000733155,"st":0,"bm":0},{"ddd":0,"ind":6,"ty":4,"nm":"Layer 7 Outlines 2","sr":1,"ks":{"o":{"a":0,"k":100,"ix":11},"r":{"a":0,"k":0,"ix":10},"p":{"a":0,"k":[224.73,500.15,0],"ix":2},"a":{"a":0,"k":[18.682,18.683,0],"ix":1},"s":{"a":0,"k":[100,100,100],"ix":6}},"ao":0,"shapes":[{"ty":"gr","it":[{"ind":0,"ty":"sh","ix":1,"ks":{"a":0,"k":{"i":[[0,-10.18],[10.18,0],[0,10.181],[-10.18,0]],"o":[[0,10.181],[-10.18,0],[0,-10.18],[10.18,0]],"v":[[18.433,0],[0.001,18.433],[-18.433,0],[0.001,-18.433]],"c":true},"ix":2},"nm":"Path 1","mn":"ADBE Vector Shape - Group","hd":false},{"ty":"fl","c":{"a":0,"k":[0.403921568627451,0.7607843137254902,0.15294117647058825,1],"ix":4},"o":{"a":0,"k":100,"ix":5},"r":1,"bm":0,"nm":"Fill 1","mn":"ADBE Vector Graphic - Fill","hd":false},{"ty":"tr","p":{"a":0,"k":[18.682,18.683],"ix":2},"a":{"a":0,"k":[0,0],"ix":1},"s":{"a":0,"k":[100,100],"ix":3},"r":{"a":0,"k":0,"ix":6},"o":{"a":0,"k":100,"ix":7},"sk":{"a":0,"k":0,"ix":4},"sa":{"a":0,"k":0,"ix":5},"nm":"Transform"}],"nm":"Group 1","np":4,"cix":2,"bm":0,"ix":1,"mn":"ADBE Vector Group","hd":false},{"ty":"tm","s":{"a":0,"k":0,"ix":1},"e":{"a":1,"k":[{"i":{"x":[0.068],"y":[1]},"o":{"x":[0.167],"y":[0]},"t":5,"s":[0]},{"t":15.0000006109625,"s":[100]}],"ix":2},"o":{"a":0,"k":215,"ix":3},"m":1,"ix":2,"nm":"Trim Paths 1","mn":"ADBE Vector Filter - Trim","hd":false}],"ip":0,"op":180.00000733155,"st":0,"bm":0},{"ddd":0,"ind":7,"ty":4,"nm":"Layer 10 Outlines 2","sr":1,"ks":{"o":{"a":0,"k":100,"ix":11},"r":{"a":0,"k":0,"ix":10},"p":{"a":0,"k":[499.335,500.678,0],"ix":2},"a":{"a":0,"k":[285.27,5,0],"ix":1},"s":{"a":0,"k":[100,100,100],"ix":6}},"ao":0,"shapes":[{"ty":"gr","it":[{"ind":0,"ty":"sh","ix":1,"ks":{"a":0,"k":{"i":[[0,0],[0,0]],"o":[[0,0],[0,0]],"v":[[5,5],[565.54,5]],"c":false},"ix":2},"nm":"Path 1","mn":"ADBE Vector Shape - Group","hd":false},{"ty":"st","c":{"a":0,"k":[0.24313725490196078,0.7098039215686275,0.14901960784313725,1],"ix":3},"o":{"a":0,"k":100,"ix":4},"w":{"a":0,"k":12,"ix":5},"lc":1,"lj":1,"ml":10,"bm":0,"nm":"Stroke 1","mn":"ADBE Vector Graphic - Stroke","hd":false},{"ty":"tr","p":{"a":0,"k":[0,0],"ix":2},"a":{"a":0,"k":[0,0],"ix":1},"s":{"a":0,"k":[100,100],"ix":3},"r":{"a":0,"k":0,"ix":6},"o":{"a":0,"k":100,"ix":7},"sk":{"a":0,"k":0,"ix":4},"sa":{"a":0,"k":0,"ix":5},"nm":"Transform"}],"nm":"Group 1","np":2,"cix":2,"bm":0,"ix":1,"mn":"ADBE Vector Group","hd":false},{"ty":"tm","s":{"a":0,"k":0,"ix":1},"e":{"a":1,"k":[{"i":{"x":[0.112],"y":[1]},"o":{"x":[0.333],"y":[0]},"t":25,"s":[0]},{"i":{"x":[0.833],"y":[1]},"o":{"x":[0.167],"y":[0]},"t":65,"s":[44.5]},{"i":{"x":[0.117],"y":[1]},"o":{"x":[0.167],"y":[0]},"t":90,"s":[44.5]},{"t":130.000005295009,"s":[98]}],"ix":2},"o":{"a":0,"k":0,"ix":3},"m":1,"ix":2,"nm":"Trim Paths 1","mn":"ADBE Vector Filter - Trim","hd":false}],"ip":0,"op":180.00000733155,"st":0,"bm":0},{"ddd":0,"ind":8,"ty":0,"nm":"Back","refId":"comp_1","sr":1,"ks":{"o":{"a":0,"k":100,"ix":11},"r":{"a":0,"k":0,"ix":10},"p":{"a":0,"k":[500,500,0],"ix":2},"a":{"a":0,"k":[500,500,0],"ix":1},"s":{"a":0,"k":[100,100,100],"ix":6}},"ao":0,"w":1000,"h":1000,"ip":0,"op":180.00000733155,"st":0,"bm":0}]},{"id":"comp_1","layers":[{"ddd":0,"ind":1,"ty":4,"nm":"Layer 5 Outlines","sr":1,"ks":{"o":{"a":0,"k":100,"ix":11},"r":{"a":0,"k":0,"ix":10},"p":{"a":0,"k":[785.271,500.15,0],"ix":2},"a":{"a":0,"k":[18.682,18.683,0],"ix":1},"s":{"a":0,"k":[100,100,100],"ix":6}},"ao":0,"shapes":[{"ty":"gr","it":[{"ind":0,"ty":"sh","ix":1,"ks":{"a":0,"k":{"i":[[0,-10.18],[10.18,0],[0,10.181],[-10.18,0]],"o":[[0,10.181],[-10.18,0],[0,-10.18],[10.18,0]],"v":[[18.433,0],[-0.001,18.433],[-18.433,0],[-0.001,-18.433]],"c":true},"ix":2},"nm":"Path 1","mn":"ADBE Vector Shape - Group","hd":false},{"ty":"fl","c":{"a":0,"k":[0.9098039215686274,0.9098039215686274,0.9098039215686274,1],"ix":4},"o":{"a":0,"k":100,"ix":5},"r":1,"bm":0,"nm":"Fill 1","mn":"ADBE Vector Graphic - Fill","hd":false},{"ty":"tr","p":{"a":0,"k":[18.682,18.683],"ix":2},"a":{"a":0,"k":[0,0],"ix":1},"s":{"a":0,"k":[100,100],"ix":3},"r":{"a":0,"k":0,"ix":6},"o":{"a":0,"k":100,"ix":7},"sk":{"a":0,"k":0,"ix":4},"sa":{"a":0,"k":0,"ix":5},"nm":"Transform"}],"nm":"Group 1","np":4,"cix":2,"bm":0,"ix":1,"mn":"ADBE Vector Group","hd":false}],"ip":0,"op":180.00000733155,"st":0,"bm":0},{"ddd":0,"ind":2,"ty":4,"nm":"Layer 7 Outlines","sr":1,"ks":{"o":{"a":0,"k":100,"ix":11},"r":{"a":0,"k":0,"ix":10},"p":{"a":0,"k":[224.73,500.15,0],"ix":2},"a":{"a":0,"k":[18.682,18.683,0],"ix":1},"s":{"a":0,"k":[100,100,100],"ix":6}},"ao":0,"shapes":[{"ty":"gr","it":[{"ind":0,"ty":"sh","ix":1,"ks":{"a":0,"k":{"i":[[0,-10.18],[10.18,0],[0,10.181],[-10.18,0]],"o":[[0,10.181],[-10.18,0],[0,-10.18],[10.18,0]],"v":[[18.433,0],[0.001,18.433],[-18.433,0],[0.001,-18.433]],"c":true},"ix":2},"nm":"Path 1","mn":"ADBE Vector Shape - Group","hd":false},{"ty":"fl","c":{"a":0,"k":[0.9098039215686274,0.9098039215686274,0.9098039215686274,1],"ix":4},"o":{"a":0,"k":100,"ix":5},"r":1,"bm":0,"nm":"Fill 1","mn":"ADBE Vector Graphic - Fill","hd":false},{"ty":"tr","p":{"a":0,"k":[18.682,18.683],"ix":2},"a":{"a":0,"k":[0,0],"ix":1},"s":{"a":0,"k":[100,100],"ix":3},"r":{"a":0,"k":0,"ix":6},"o":{"a":0,"k":100,"ix":7},"sk":{"a":0,"k":0,"ix":4},"sa":{"a":0,"k":0,"ix":5},"nm":"Transform"}],"nm":"Group 1","np":4,"cix":2,"bm":0,"ix":1,"mn":"ADBE Vector Group","hd":false}],"ip":0,"op":180.00000733155,"st":0,"bm":0},{"ddd":0,"ind":3,"ty":4,"nm":"Layer 6 Outlines","sr":1,"ks":{"o":{"a":0,"k":100,"ix":11},"r":{"a":0,"k":0,"ix":10},"p":{"a":0,"k":[485.903,500.15,0],"ix":2},"a":{"a":0,"k":[18.683,18.683,0],"ix":1},"s":{"a":0,"k":[100,100,100],"ix":6}},"ao":0,"shapes":[{"ty":"gr","it":[{"ind":0,"ty":"sh","ix":1,"ks":{"a":0,"k":{"i":[[0,-10.18],[10.181,0],[0,10.181],[-10.179,0]],"o":[[0,10.181],[-10.179,0],[0,-10.18],[10.181,0]],"v":[[18.433,0],[-0.001,18.433],[-18.433,0],[-0.001,-18.433]],"c":true},"ix":2},"nm":"Path 1","mn":"ADBE Vector Shape - Group","hd":false},{"ty":"fl","c":{"a":0,"k":[0.9098039215686274,0.9098039215686274,0.9098039215686274,1],"ix":4},"o":{"a":0,"k":100,"ix":5},"r":1,"bm":0,"nm":"Fill 1","mn":"ADBE Vector Graphic - Fill","hd":false},{"ty":"tr","p":{"a":0,"k":[18.682,18.683],"ix":2},"a":{"a":0,"k":[0,0],"ix":1},"s":{"a":0,"k":[100,100],"ix":3},"r":{"a":0,"k":0,"ix":6},"o":{"a":0,"k":100,"ix":7},"sk":{"a":0,"k":0,"ix":4},"sa":{"a":0,"k":0,"ix":5},"nm":"Transform"}],"nm":"Group 1","np":4,"cix":2,"bm":0,"ix":1,"mn":"ADBE Vector Group","hd":false}],"ip":0,"op":180.00000733155,"st":0,"bm":0},{"ddd":0,"ind":4,"ty":4,"nm":"Layer 10 Outlines","sr":1,"ks":{"o":{"a":0,"k":100,"ix":11},"r":{"a":0,"k":0,"ix":10},"p":{"a":0,"k":[499.335,500.678,0],"ix":2},"a":{"a":0,"k":[285.27,5,0],"ix":1},"s":{"a":0,"k":[100,100,100],"ix":6}},"ao":0,"shapes":[{"ty":"gr","it":[{"ind":0,"ty":"sh","ix":1,"ks":{"a":0,"k":{"i":[[0,0],[0,0]],"o":[[0,0],[0,0]],"v":[[5,5],[565.54,5]],"c":false},"ix":2},"nm":"Path 1","mn":"ADBE Vector Shape - Group","hd":false},{"ty":"st","c":{"a":0,"k":[0.9098039215686274,0.9098039215686274,0.9098039215686274,1],"ix":3},"o":{"a":0,"k":100,"ix":4},"w":{"a":0,"k":12,"ix":5},"lc":1,"lj":1,"ml":10,"bm":0,"nm":"Stroke 1","mn":"ADBE Vector Graphic - Stroke","hd":false},{"ty":"tr","p":{"a":0,"k":[0,0],"ix":2},"a":{"a":0,"k":[0,0],"ix":1},"s":{"a":0,"k":[100,100],"ix":3},"r":{"a":0,"k":0,"ix":6},"o":{"a":0,"k":100,"ix":7},"sk":{"a":0,"k":0,"ix":4},"sa":{"a":0,"k":0,"ix":5},"nm":"Transform"}],"nm":"Group 1","np":2,"cix":2,"bm":0,"ix":1,"mn":"ADBE Vector Group","hd":false}],"ip":0,"op":180.00000733155,"st":0,"bm":0}]}],"fonts":{"list":[{"fName":"TimesNewRomanPSMT","fFamily":"Times New Roman","fStyle":"Regular","ascent":69.4992065429688}]},"layers":[{"ddd":0,"ind":1,"ty":0,"nm":"Loding step","refId":"comp_0","sr":1,"ks":{"o":{"a":0,"k":100,"ix":11},"r":{"a":0,"k":0,"ix":10},"p":{"a":0,"k":[500,500,0],"ix":2},"a":{"a":0,"k":[500,500,0],"ix":1},"s":{"a":0,"k":[144,144,100],"ix":6}},"ao":0,"w":1000,"h":1000,"ip":0,"op":180.00000733155,"st":0,"bm":0}],"markers":[],"chars":[{"ch":"1","size":36,"style":"Regular","w":46.29,"data":{"shapes":[{"ty":"gr","it":[{"ind":0,"ty":"sh","ix":1,"ks":{"a":0,"k":{"i":[[0,0],[-1.205,0],[-0.603,-0.488],[-0.228,-1.041],[0,-4.817],[0,0],[0.358,-0.797],[0.911,-0.471],[3.125,-0.065],[0,0],[0,0],[0,0],[0.977,0.488],[0.309,0.912],[0,3.711],[0,0],[0,0],[0,0]],"o":[[2.148,-1.009],[0.846,0],[0.602,0.488],[0.325,1.367],[0,0],[0,3.972],[-0.359,0.798],[-0.912,0.472],[0,0],[0,0],[0,0],[-2.995,-0.065],[-0.977,-0.488],[-0.31,-0.911],[0,0],[0,0],[0,0],[0,0]],"v":[[12.451,-58.203],[17.48,-59.717],[19.653,-58.984],[20.898,-56.689],[21.387,-47.412],[21.387,-11.67],[20.85,-4.517],[18.945,-2.612],[12.891,-1.807],[12.891,0],[37.793,0],[37.793,-1.807],[31.836,-2.637],[29.907,-4.736],[29.443,-11.67],[29.443,-67.578],[27.832,-67.578],[11.719,-59.717]],"c":true},"ix":2},"nm":"1","mn":"ADBE Vector Shape - Group","hd":false}],"nm":"1","np":3,"cix":2,"bm":0,"ix":1,"mn":"ADBE Vector Group","hd":false}]},"fFamily":"Times New Roman"},{"ch":"2","size":36,"style":"Regular","w":50,"data":{"shapes":[{"ty":"gr","it":[{"ind":0,"ty":"sh","ix":1,"ks":{"a":0,"k":{"i":[[0,0],[1.139,-0.797],[1.416,-0.26],[3.516,0],[0,0],[-8.105,8.855],[-2.409,5.273],[0,3.353],[3.596,3.451],[5.371,0],[3.369,-3.223],[0.813,-6.022],[0,0],[-2.588,1.904],[-3.255,0],[-2.572,-2.702],[0,-4.199],[4.688,-6.641],[11.491,-10.481],[0,0],[0,0],[0,0]],"o":[[-0.847,1.465],[-1.14,0.798],[-1.416,0.261],[0,0],[2.018,-1.823],[5.403,-5.891],[1.563,-3.352],[0,-4.688],[-3.597,-3.45],[-5.046,0],[-3.369,3.223],[0,0],[1.237,-3.678],[2.588,-1.904],[3.58,0],[2.571,2.702],[0,5.502],[-4.688,6.641],[0,0],[0,0],[0,0],[0,0]],"v":[[44.043,-12.744],[41.064,-9.351],[37.231,-7.764],[29.834,-7.373],[12.549,-7.373],[27.734,-23.389],[39.453,-40.137],[41.797,-50.195],[36.401,-62.402],[22.949,-67.578],[10.327,-62.744],[4.053,-48.877],[5.859,-48.877],[11.597,-57.251],[20.361,-60.107],[29.59,-56.055],[33.447,-45.703],[26.416,-27.49],[2.148,-1.807],[2.148,0],[41.211,0],[45.85,-12.744]],"c":true},"ix":2},"nm":"2","mn":"ADBE Vector Shape - Group","hd":false}],"nm":"2","np":3,"cix":2,"bm":0,"ix":1,"mn":"ADBE Vector Group","hd":false}]},"fFamily":"Times New Roman"},{"ch":"3","size":36,"style":"Regular","w":50,"data":{"shapes":[{"ty":"gr","it":[{"ind":0,"ty":"sh","ix":1,"ks":{"a":0,"k":{"i":[[0,0],[-5.046,0],[-2.1,-2.067],[0,-3.352],[1.172,-2.148],[2.588,-1.53],[2.571,-0.325],[0,0],[0,0],[-2.441,-1.057],[-1.4,-1.302],[-0.847,-1.823],[0,-2.571],[2.457,-2.571],[3.32,0],[1.204,0.359],[1.953,1.025],[0.553,0.163],[0.813,0],[0.764,-0.716],[0,-0.944],[-1.611,-1.106],[-4.46,0],[-4.753,5.469],[0,5.73],[2.083,2.962],[4.069,1.595],[0,4.818],[2.148,2.572],[5.305,0],[2.881,-2.425],[1.888,-4.459]],"o":[[3.385,-5.403],[3.125,0],[2.1,2.068],[0,2.572],[-1.172,2.148],[-2.588,1.53],[0,0],[0,0],[2.539,0],[2.441,1.058],[1.009,0.945],[1.139,2.441],[0,3.516],[-2.458,2.572],[-1.367,0],[-0.749,-0.195],[-1.953,-1.025],[-0.847,-0.26],[-1.074,0],[-0.765,0.716],[0,1.27],[1.611,1.106],[9.016,0],[3.645,-4.199],[0,-4.004],[-2.084,-2.962],[6.055,-5.143],[0,-2.93],[-2.832,-3.45],[-4.297,0],[-2.881,2.425],[0,0]],"v":[[6.689,-52.832],[19.336,-60.938],[27.173,-57.837],[30.322,-49.707],[28.564,-42.627],[22.925,-37.109],[15.186,-34.326],[15.186,-32.861],[16.748,-32.861],[24.219,-31.274],[29.98,-27.734],[32.764,-23.584],[34.473,-16.064],[30.786,-6.934],[22.119,-3.076],[18.262,-3.613],[14.209,-5.444],[10.449,-7.227],[7.959,-7.617],[5.2,-6.543],[4.053,-4.053],[6.47,-0.488],[15.576,1.172],[36.23,-7.031],[41.699,-21.924],[38.574,-32.373],[29.346,-39.209],[38.428,-54.15],[35.205,-62.402],[22.998,-67.578],[12.231,-63.94],[5.078,-53.613]],"c":true},"ix":2},"nm":"3","mn":"ADBE Vector Shape - Group","hd":false}],"nm":"3","np":3,"cix":2,"bm":0,"ix":1,"mn":"ADBE Vector Group","hd":false}]},"fFamily":"Times New Roman"}]}