{"v":"5.6.3","fr":30,"ip":0,"op":122,"w":300,"h":400,"nm":"Comp 1","ddd":0,"assets":[{"id":"comp_0","layers":[{"ddd":0,"ind":1,"ty":4,"nm":"Tick/Box Receiing Outlines","sr":1,"ks":{"o":{"a":0,"k":100,"ix":11},"r":{"a":0,"k":0,"ix":10},"p":{"a":0,"k":[156,165,0],"ix":2},"a":{"a":0,"k":[28,28,0],"ix":1},"s":{"a":1,"k":[{"i":{"x":[0.667,0.667,0.667],"y":[1,1,1]},"o":{"x":[0.333,0.333,0.333],"y":[0,0,0]},"t":82,"s":[0,0,100]},{"i":{"x":[0.667,0.667,0.667],"y":[1,1,1]},"o":{"x":[0.333,0.333,0.333],"y":[0,0,0]},"t":88,"s":[115,115,100]},{"t":91.000003706506,"s":[100,100,100]}],"ix":6}},"ao":0,"shapes":[{"ty":"gr","it":[{"ind":0,"ty":"sh","ix":1,"ks":{"a":0,"k":{"i":[[13.64,0],[0,13.64],[-13.64,0],[0,-13.64]],"o":[[-13.64,0],[0,-13.64],[13.64,0],[0,13.64]],"v":[[0,24.695],[-24.7,-0.005],[0,-24.695],[24.7,-0.005]],"c":true},"ix":2},"nm":"Path 1","mn":"ADBE Vector Shape - Group","hd":false},{"ind":1,"ty":"sh","ix":2,"ks":{"a":0,"k":{"i":[[15.28,0],[0,-15.27],[-15.27,0],[0,15.28]],"o":[[-15.27,0],[0,15.28],[15.28,0],[0,-15.27]],"v":[[0,-27.695],[-27.7,-0.005],[0,27.695],[27.7,-0.005]],"c":true},"ix":2},"nm":"Path 2","mn":"ADBE Vector Shape - Group","hd":false},{"ty":"mm","mm":1,"nm":"Merge Paths 1","mn":"ADBE Vector Filter - Merge","hd":false},{"ty":"fl","c":{"a":0,"k":[0.426999978458,0.298000021542,0.255000005984,1],"ix":4},"o":{"a":0,"k":100,"ix":5},"r":1,"bm":0,"nm":"Fill 1","mn":"ADBE Vector Graphic - Fill","hd":false},{"ty":"tr","p":{"a":0,"k":[27.95,27.945],"ix":2},"a":{"a":0,"k":[0,0],"ix":1},"s":{"a":0,"k":[100,100],"ix":3},"r":{"a":0,"k":0,"ix":6},"o":{"a":0,"k":100,"ix":7},"sk":{"a":0,"k":0,"ix":4},"sa":{"a":0,"k":0,"ix":5},"nm":"Transform"}],"nm":"Group 1","np":4,"cix":2,"bm":0,"ix":1,"mn":"ADBE Vector Group","hd":false},{"ty":"gr","it":[{"ind":0,"ty":"sh","ix":1,"ks":{"a":0,"k":{"i":[[1.177,-0.971],[0,0],[1.055,1.277],[0,0],[-1.201,1.071],[-1.085,-1.284],[0,0],[-1.262,1.047],[0,0],[-0.98,-1.492],[0,0]],"o":[[0,0],[-1.269,1.048],[0,0],[-1.025,-1.239],[1.254,-1.124],[0,0],[1.063,1.254],[0,0],[1.369,-1.139],[0,0],[0.841,1.269]],"v":[[11.183,-2.791],[-1.885,7.982],[-6.09,7.577],[-11.595,0.91],[-11.282,-3.227],[-7.008,-2.929],[-5.586,-1.231],[-1.388,-0.864],[7.038,-7.891],[11.451,-7.233],[11.779,-6.736]],"c":true},"ix":2},"nm":"Path 1","mn":"ADBE Vector Shape - Group","hd":false},{"ty":"fl","c":{"a":0,"k":[1,1,1,1],"ix":4},"o":{"a":0,"k":100,"ix":5},"r":1,"bm":0,"nm":"Fill 1","mn":"ADBE Vector Graphic - Fill","hd":false},{"ty":"tr","p":{"a":0,"k":[27.957,27.903],"ix":2},"a":{"a":0,"k":[0,0],"ix":1},"s":{"a":0,"k":[100,100],"ix":3},"r":{"a":0,"k":0,"ix":6},"o":{"a":0,"k":100,"ix":7},"sk":{"a":0,"k":0,"ix":4},"sa":{"a":0,"k":0,"ix":5},"nm":"Transform"}],"nm":"Group 2","np":2,"cix":2,"bm":0,"ix":2,"mn":"ADBE Vector Group","hd":false},{"ty":"gr","it":[{"ind":0,"ty":"sh","ix":1,"ks":{"a":0,"k":{"i":[[1.177,-0.971],[0,0],[1.055,1.277],[0,0],[-1.201,1.071],[-1.085,-1.284],[0,0],[-1.262,1.047],[0,0],[-0.98,-1.492],[0,0]],"o":[[0,0],[-1.269,1.048],[0,0],[-1.025,-1.239],[1.254,-1.124],[0,0],[1.063,1.254],[0,0],[1.369,-1.139],[0,0],[0.841,1.269]],"v":[[11.183,-2.833],[-1.885,7.94],[-6.09,7.535],[-11.595,0.868],[-11.282,-3.269],[-7.008,-2.971],[-5.586,-1.273],[-1.388,-0.906],[7.038,-7.933],[11.451,-7.275],[11.779,-6.778]],"c":true},"ix":2},"nm":"Path 1","mn":"ADBE Vector Shape - Group","hd":false},{"ind":1,"ty":"sh","ix":2,"ks":{"a":0,"k":{"i":[[1.491,2.255],[0,0],[1.782,0],[0.948,-0.787],[0,0],[0.114,0],[0.176,0.214],[0,0],[1.56,0],[0.963,-0.872],[-1.813,-2.202],[0,0],[-1.583,0],[-0.941,0.78],[0,0]],"o":[[0,0],[-0.979,-1.491],[-1.231,0],[0,0],[-0.16,0.137],[-0.122,0],[0,0],[-1.009,-1.193],[-1.3,0],[-2.126,1.896],[0,0],[1.01,1.223],[1.223,0],[0,0],[2.088,-1.72]],"v":[[13.691,-8.04],[13.362,-8.537],[8.95,-10.915],[5.57,-9.692],[-2.856,-2.672],[-3.299,-2.512],[-3.827,-2.756],[-5.257,-4.446],[-9.294,-6.32],[-12.811,-4.974],[-13.369,2.328],[-7.857,8.996],[-3.781,10.915],[-0.424,9.707],[12.643,-1.059]],"c":true},"ix":2},"nm":"Path 2","mn":"ADBE Vector Shape - Group","hd":false},{"ty":"mm","mm":1,"nm":"Merge Paths 1","mn":"ADBE Vector Filter - Merge","hd":false},{"ty":"fl","c":{"a":0,"k":[0.426999978458,0.298000021542,0.255000005984,1],"ix":4},"o":{"a":0,"k":100,"ix":5},"r":1,"bm":0,"nm":"Fill 1","mn":"ADBE Vector Graphic - Fill","hd":false},{"ty":"tr","p":{"a":0,"k":[27.957,27.945],"ix":2},"a":{"a":0,"k":[0,0],"ix":1},"s":{"a":0,"k":[100,100],"ix":3},"r":{"a":0,"k":0,"ix":6},"o":{"a":0,"k":100,"ix":7},"sk":{"a":0,"k":0,"ix":4},"sa":{"a":0,"k":0,"ix":5},"nm":"Transform"}],"nm":"Group 3","np":4,"cix":2,"bm":0,"ix":3,"mn":"ADBE Vector Group","hd":false},{"ty":"gr","it":[{"ind":0,"ty":"sh","ix":1,"ks":{"a":0,"k":{"i":[[0,-11.61],[13.639,0],[2.56,0.9],[-2.031,0],[0,13.64],[9.63,3.37]],"o":[[0,13.64],[-2.87,0],[1.89,0.46],[13.639,0],[0,-10.77],[10.799,2.63]],"v":[[16.44,-0.36],[-8.26,24.34],[-16.44,22.95],[-10.55,23.66],[14.15,-1.04],[-2.38,-24.34]],"c":true},"ix":2},"nm":"Path 1","mn":"ADBE Vector Shape - Group","hd":false},{"ty":"fl","c":{"a":0,"k":[0.2235294117647059,0.7098039215686275,0.2901960784313726,1],"ix":4},"o":{"a":0,"k":100,"ix":5},"r":1,"bm":0,"nm":"Fill 1","mn":"ADBE Vector Graphic - Fill","hd":false},{"ty":"tr","p":{"a":0,"k":[36.21,27.945],"ix":2},"a":{"a":0,"k":[0,0],"ix":1},"s":{"a":0,"k":[100,100],"ix":3},"r":{"a":0,"k":0,"ix":6},"o":{"a":0,"k":100,"ix":7},"sk":{"a":0,"k":0,"ix":4},"sa":{"a":0,"k":0,"ix":5},"nm":"Transform"}],"nm":"Group 4","np":2,"cix":2,"bm":0,"ix":4,"mn":"ADBE Vector Group","hd":false},{"ty":"gr","it":[{"ind":0,"ty":"sh","ix":1,"ks":{"a":0,"k":{"i":[[0,-13.64],[-9.62,-3.37],[0,11.61],[-13.64,0],[-2.55,-0.9],[2.03,0]],"o":[[0,10.77],[-10.8,-2.64],[0,-13.64],[2.87,0],[-1.88,-0.47],[-13.64,0]],"v":[[-14.145,1.03],[2.375,24.34],[-16.435,0.35],[8.265,-24.34],[16.435,-22.95],[10.555,-23.66]],"c":true},"ix":2},"nm":"Path 1","mn":"ADBE Vector Shape - Group","hd":false},{"ty":"fl","c":{"a":0,"k":[0.2235294117647059,0.7098039215686275,0.2901960784313726,1],"ix":4},"o":{"a":0,"k":100,"ix":5},"r":1,"bm":0,"nm":"Fill 1","mn":"ADBE Vector Graphic - Fill","hd":false},{"ty":"tr","p":{"a":0,"k":[19.77,27.697],"ix":2},"a":{"a":0,"k":[0,0],"ix":1},"s":{"a":0,"k":[100,100],"ix":3},"r":{"a":0,"k":0,"ix":6},"o":{"a":0,"k":100,"ix":7},"sk":{"a":0,"k":0,"ix":4},"sa":{"a":0,"k":0,"ix":5},"nm":"Transform"}],"nm":"Group 5","np":2,"cix":2,"bm":0,"ix":5,"mn":"ADBE Vector Group","hd":false},{"ty":"gr","it":[{"ind":0,"ty":"sh","ix":1,"ks":{"a":0,"k":{"i":[[0,-13.64],[13.639,0],[0,13.64],[-13.64,0]],"o":[[0,13.64],[-13.64,0],[0,-13.64],[13.639,0]],"v":[[24.7,-0.005],[0,24.695],[-24.7,-0.005],[0,-24.695]],"c":true},"ix":2},"nm":"Path 1","mn":"ADBE Vector Shape - Group","hd":false},{"ty":"fl","c":{"a":0,"k":[0.2235294117647059,0.7098039215686275,0.2901960784313726,1],"ix":4},"o":{"a":0,"k":100,"ix":5},"r":1,"bm":0,"nm":"Fill 1","mn":"ADBE Vector Graphic - Fill","hd":false},{"ty":"tr","p":{"a":0,"k":[27.95,27.945],"ix":2},"a":{"a":0,"k":[0,0],"ix":1},"s":{"a":0,"k":[100,100],"ix":3},"r":{"a":0,"k":0,"ix":6},"o":{"a":0,"k":100,"ix":7},"sk":{"a":0,"k":0,"ix":4},"sa":{"a":0,"k":0,"ix":5},"nm":"Transform"}],"nm":"Group 6","np":2,"cix":2,"bm":0,"ix":6,"mn":"ADBE Vector Group","hd":false}],"ip":72.0000029326201,"op":972.000039590372,"st":72.0000029326201,"bm":0},{"ddd":0,"ind":2,"ty":4,"nm":"Stars/Wallet money Outlines","sr":1,"ks":{"o":{"a":1,"k":[{"i":{"x":[0.833],"y":[0.833]},"o":{"x":[0.167],"y":[0.167]},"t":93,"s":[100]},{"t":101.000004113814,"s":[0]}],"ix":11},"r":{"a":0,"k":0,"ix":10},"p":{"a":0,"k":[140,233,0],"ix":2},"a":{"a":0,"k":[80,48,0],"ix":1},"s":{"a":1,"k":[{"i":{"x":[0.667,0.667,0.667],"y":[1,1,1]},"o":{"x":[0.167,0.167,0.167],"y":[0.167,0.167,-16.667]},"t":7,"s":[100,100,100]},{"i":{"x":[0.667,0.667,0.667],"y":[1,1,1]},"o":{"x":[0.167,0.167,0.167],"y":[0.167,0.167,16.667]},"t":78,"s":[0,0,100]},{"t":99.0000040323527,"s":[100,100,100]}],"ix":6}},"ao":0,"shapes":[{"ty":"gr","it":[{"ind":0,"ty":"sh","ix":1,"ks":{"a":0,"k":{"i":[[-0.159,0.753],[-0.753,-0.159],[0.159,-0.753],[0.753,0.16]],"o":[[0.159,-0.753],[0.754,0.159],[-0.16,0.753],[-0.754,-0.159]],"v":[[-1.364,-0.289],[0.288,-1.364],[1.364,0.288],[-0.288,1.363]],"c":true},"ix":2},"nm":"Path 1","mn":"ADBE Vector Shape - Group","hd":false},{"ty":"fl","c":{"a":0,"k":[0.426999978458,0.298000021542,0.255000005984,1],"ix":4},"o":{"a":0,"k":100,"ix":5},"r":1,"bm":0,"nm":"Fill 1","mn":"ADBE Vector Graphic - Fill","hd":false},{"ty":"tr","p":{"a":0,"k":[14.454,13.591],"ix":2},"a":{"a":0,"k":[0,0],"ix":1},"s":{"a":0,"k":[100,100],"ix":3},"r":{"a":0,"k":0,"ix":6},"o":{"a":0,"k":100,"ix":7},"sk":{"a":0,"k":0,"ix":4},"sa":{"a":0,"k":0,"ix":5},"nm":"Transform"}],"nm":"Group 1","np":4,"cix":2,"bm":0,"ix":1,"mn":"ADBE Vector Group","hd":false},{"ty":"gr","it":[{"ind":0,"ty":"sh","ix":1,"ks":{"a":0,"k":{"i":[[0.643,0.987],[-0.987,0.643],[-0.642,-0.987],[0.987,-0.643]],"o":[[-0.643,-0.987],[0.987,-0.642],[0.642,0.988],[-0.987,0.643]],"v":[[-1.787,1.163],[-1.163,-1.788],[1.788,-1.164],[1.164,1.787]],"c":true},"ix":2},"nm":"Path 1","mn":"ADBE Vector Shape - Group","hd":false},{"ty":"fl","c":{"a":0,"k":[0.426999978458,0.298000021542,0.255000005984,1],"ix":4},"o":{"a":0,"k":100,"ix":5},"r":1,"bm":0,"nm":"Fill 1","mn":"ADBE Vector Graphic - Fill","hd":false},{"ty":"tr","p":{"a":0,"k":[24.783,2.68],"ix":2},"a":{"a":0,"k":[0,0],"ix":1},"s":{"a":0,"k":[100,100],"ix":3},"r":{"a":0,"k":0,"ix":6},"o":{"a":0,"k":100,"ix":7},"sk":{"a":0,"k":0,"ix":4},"sa":{"a":0,"k":0,"ix":5},"nm":"Transform"}],"nm":"Group 2","np":4,"cix":2,"bm":0,"ix":2,"mn":"ADBE Vector Group","hd":false},{"ty":"gr","it":[{"ind":0,"ty":"sh","ix":1,"ks":{"a":0,"k":{"i":[[-0.358,0],[-0.165,0.797],[-0.237,0.049],[0,0.357],[0.797,0.165],[0.049,0.237],[0.357,0],[0.166,-0.798],[0.237,-0.049],[0,-0.358],[-0.798,-0.166],[-0.049,-0.237]],"o":[[0.357,0],[0.049,-0.237],[0.797,-0.166],[0,-0.358],[-0.237,-0.049],[-0.165,-0.798],[-0.358,0],[-0.049,0.237],[-0.798,0.165],[0,0.357],[0.237,0.049],[0.166,0.797]],"v":[[0,2.64],[0.834,1.305],[1.305,0.835],[2.64,0],[1.305,-0.835],[0.834,-1.305],[0,-2.64],[-0.835,-1.305],[-1.305,-0.835],[-2.64,0],[-1.305,0.835],[-0.835,1.305]],"c":true},"ix":2},"nm":"Path 1","mn":"ADBE Vector Shape - Group","hd":false},{"ty":"fl","c":{"a":0,"k":[0.426999978458,0.298000021542,0.255000005984,1],"ix":4},"o":{"a":0,"k":100,"ix":5},"r":1,"bm":0,"nm":"Fill 1","mn":"ADBE Vector Graphic - Fill","hd":false},{"ty":"tr","p":{"a":0,"k":[2.89,80.594],"ix":2},"a":{"a":0,"k":[0,0],"ix":1},"s":{"a":0,"k":[100,100],"ix":3},"r":{"a":0,"k":0,"ix":6},"o":{"a":0,"k":100,"ix":7},"sk":{"a":0,"k":0,"ix":4},"sa":{"a":0,"k":0,"ix":5},"nm":"Transform"}],"nm":"Group 3","np":4,"cix":2,"bm":0,"ix":3,"mn":"ADBE Vector Group","hd":false},{"ty":"gr","it":[{"ind":0,"ty":"sh","ix":1,"ks":{"a":0,"k":{"i":[[-0.311,0.311],[0.55,0.837],[-0.163,0.249],[0.312,0.311],[0.837,-0.55],[0.249,0.163],[0.312,-0.311],[-0.55,-0.837],[0.163,-0.249],[-0.31,-0.311],[-0.836,0.55],[-0.249,-0.163]],"o":[[0.312,-0.311],[-0.163,-0.249],[0.55,-0.837],[-0.311,-0.311],[-0.249,0.163],[-0.836,-0.55],[-0.31,0.311],[0.163,0.249],[-0.55,0.837],[0.312,0.311],[0.249,-0.163],[0.837,0.55]],"v":[[2.294,2.295],[1.859,0.409],[1.859,-0.409],[2.294,-2.295],[0.408,-1.86],[-0.41,-1.86],[-2.296,-2.295],[-1.86,-0.409],[-1.86,0.409],[-2.296,2.295],[-0.41,1.86],[0.408,1.86]],"c":true},"ix":2},"nm":"Path 1","mn":"ADBE Vector Shape - Group","hd":false},{"ty":"fl","c":{"a":0,"k":[0.426999978458,0.298000021542,0.255000005984,1],"ix":4},"o":{"a":0,"k":100,"ix":5},"r":1,"bm":0,"nm":"Fill 1","mn":"ADBE Vector Graphic - Fill","hd":false},{"ty":"tr","p":{"a":0,"k":[150.06,23.755],"ix":2},"a":{"a":0,"k":[0,0],"ix":1},"s":{"a":0,"k":[100,100],"ix":3},"r":{"a":0,"k":0,"ix":6},"o":{"a":0,"k":100,"ix":7},"sk":{"a":0,"k":0,"ix":4},"sa":{"a":0,"k":0,"ix":5},"nm":"Transform"}],"nm":"Group 4","np":4,"cix":2,"bm":0,"ix":4,"mn":"ADBE Vector Group","hd":false},{"ty":"gr","it":[{"ind":0,"ty":"sh","ix":1,"ks":{"a":0,"k":{"i":[[-0.265,-0.695],[0.695,-0.264],[0.264,0.694],[-0.695,0.264]],"o":[[0.264,0.694],[-0.695,0.264],[-0.264,-0.695],[0.694,-0.264]],"v":[[1.258,-0.478],[0.478,1.258],[-1.258,0.479],[-0.478,-1.258]],"c":true},"ix":2},"nm":"Path 1","mn":"ADBE Vector Shape - Group","hd":false},{"ty":"fl","c":{"a":0,"k":[0.426999978458,0.298000021542,0.255000005984,1],"ix":4},"o":{"a":0,"k":100,"ix":5},"r":1,"bm":0,"nm":"Fill 1","mn":"ADBE Vector Graphic - Fill","hd":false},{"ty":"tr","p":{"a":0,"k":[157.952,37.896],"ix":2},"a":{"a":0,"k":[0,0],"ix":1},"s":{"a":0,"k":[100,100],"ix":3},"r":{"a":0,"k":0,"ix":6},"o":{"a":0,"k":100,"ix":7},"sk":{"a":0,"k":0,"ix":4},"sa":{"a":0,"k":0,"ix":5},"nm":"Transform"}],"nm":"Group 5","np":4,"cix":2,"bm":0,"ix":5,"mn":"ADBE Vector Group","hd":false},{"ty":"gr","it":[{"ind":0,"ty":"sh","ix":1,"ks":{"a":0,"k":{"i":[[0,-0.89],[0.89,0],[0,0.891],[-0.891,0]],"o":[[0,0.891],[-0.891,0],[0,-0.89],[0.89,0]],"v":[[1.613,-0.001],[0,1.613],[-1.613,-0.001],[0,-1.613]],"c":true},"ix":2},"nm":"Path 1","mn":"ADBE Vector Shape - Group","hd":false},{"ty":"fl","c":{"a":0,"k":[0.426999978458,0.298000021542,0.255000005984,1],"ix":4},"o":{"a":0,"k":100,"ix":5},"r":1,"bm":0,"nm":"Fill 1","mn":"ADBE Vector Graphic - Fill","hd":false},{"ty":"tr","p":{"a":0,"k":[156.622,94.007],"ix":2},"a":{"a":0,"k":[0,0],"ix":1},"s":{"a":0,"k":[100,100],"ix":3},"r":{"a":0,"k":0,"ix":6},"o":{"a":0,"k":100,"ix":7},"sk":{"a":0,"k":0,"ix":4},"sa":{"a":0,"k":0,"ix":5},"nm":"Transform"}],"nm":"Group 6","np":4,"cix":2,"bm":0,"ix":6,"mn":"ADBE Vector Group","hd":false},{"ty":"gr","it":[{"ind":0,"ty":"sh","ix":1,"ks":{"a":0,"k":{"i":[[0.546,0.546],[-0.546,0.546],[-0.546,-0.546],[0.546,-0.546]],"o":[[-0.546,-0.546],[0.546,-0.546],[0.546,0.546],[-0.546,0.546]],"v":[[-0.988,0.988],[-0.988,-0.988],[0.988,-0.988],[0.988,0.988]],"c":true},"ix":2},"nm":"Path 1","mn":"ADBE Vector Shape - Group","hd":false},{"ty":"fl","c":{"a":0,"k":[0.426999978458,0.298000021542,0.255000005984,1],"ix":4},"o":{"a":0,"k":100,"ix":5},"r":1,"bm":0,"nm":"Fill 1","mn":"ADBE Vector Graphic - Fill","hd":false},{"ty":"tr","p":{"a":0,"k":[8.986,92.339],"ix":2},"a":{"a":0,"k":[0,0],"ix":1},"s":{"a":0,"k":[100,100],"ix":3},"r":{"a":0,"k":0,"ix":6},"o":{"a":0,"k":100,"ix":7},"sk":{"a":0,"k":0,"ix":4},"sa":{"a":0,"k":0,"ix":5},"nm":"Transform"}],"nm":"Group 7","np":4,"cix":2,"bm":0,"ix":7,"mn":"ADBE Vector Group","hd":false}],"ip":65.0000026475043,"op":941.000038327716,"st":41.0000016699642,"bm":0},{"ddd":0,"ind":3,"ty":4,"nm":"Base/Box Receiing Outlines","parent":4,"sr":1,"ks":{"o":{"a":1,"k":[{"i":{"x":[0.667],"y":[1]},"o":{"x":[0.333],"y":[0]},"t":0,"s":[0]},{"t":7.00000028511585,"s":[100]}],"ix":11},"r":{"a":0,"k":0,"ix":10},"p":{"a":0,"k":[-13.75,78.009,0],"ix":2},"a":{"a":0,"k":[0.25,3.259,0],"ix":1},"s":{"a":1,"k":[{"i":{"x":[0.833,0.833,0.833],"y":[0.833,0.833,0.833]},"o":{"x":[0.167,0.167,0.167],"y":[0.167,0.167,0.167]},"t":57,"s":[100,100,100]},{"t":65.0000026475043,"s":[84,84,100]}],"ix":6}},"ao":0,"shapes":[{"ty":"gr","it":[{"ind":0,"ty":"sh","ix":1,"ks":{"a":0,"k":{"i":[[-1.662,0],[0,0],[0,1.661],[1.661,0],[0,0],[0,-1.661]],"o":[[0,0],[1.661,0],[0,-1.661],[0,0],[-1.662,0],[0,1.661]],"v":[[-74.385,3.008],[74.386,3.008],[77.393,0.001],[74.386,-3.008],[-74.385,-3.008],[-77.393,0.001]],"c":true},"ix":2},"nm":"Path 1","mn":"ADBE Vector Shape - Group","hd":false},{"ty":"fl","c":{"a":0,"k":[0.902000038297,0.905999995213,0.910000011968,1],"ix":4},"o":{"a":0,"k":100,"ix":5},"r":1,"bm":0,"nm":"Fill 1","mn":"ADBE Vector Graphic - Fill","hd":false},{"ty":"tr","p":{"a":0,"k":[77.643,3.259],"ix":2},"a":{"a":0,"k":[0,0],"ix":1},"s":{"a":0,"k":[100,100],"ix":3},"r":{"a":0,"k":0,"ix":6},"o":{"a":0,"k":100,"ix":7},"sk":{"a":0,"k":0,"ix":4},"sa":{"a":0,"k":0,"ix":5},"nm":"Transform"}],"nm":"Group 1","np":2,"cix":2,"bm":0,"ix":1,"mn":"ADBE Vector Group","hd":false}],"ip":0,"op":912.000037146522,"st":12.00000048877,"bm":0},{"ddd":0,"ind":4,"ty":4,"nm":"Box/Box Receiing Outlines","sr":1,"ks":{"o":{"a":1,"k":[{"i":{"x":[0.667],"y":[1]},"o":{"x":[0.333],"y":[0]},"t":0,"s":[0]},{"t":7.00000028511585,"s":[100]}],"ix":11},"r":{"a":0,"k":0,"ix":10},"p":{"a":1,"k":[{"i":{"x":0.667,"y":1},"o":{"x":0.333,"y":0},"t":0,"s":[97,248,0],"to":[8.833,0,0],"ti":[-8.833,0,0]},{"i":{"x":0.833,"y":0.833},"o":{"x":0.333,"y":0.333},"t":9,"s":[150,248,0],"to":[0,0,0],"ti":[0,0,0]},{"i":{"x":0.833,"y":0.833},"o":{"x":0.167,"y":0.167},"t":57,"s":[150,248,0],"to":[1.167,0,0],"ti":[-1.167,0,0]},{"t":66.0000026882351,"s":[157,248,0]}],"ix":2},"a":{"a":0,"k":[49,38.5,0],"ix":1},"s":{"a":0,"k":[100,100,100],"ix":6}},"ao":0,"shapes":[{"ty":"gr","it":[{"ind":0,"ty":"sh","ix":1,"ks":{"a":0,"k":{"i":[[0,0],[0,0],[0,0],[0.401,-0.72],[0,0],[0,0.85]],"o":[[0,0],[0,0],[0,0.88],[0,0],[0.38,-0.7],[0,0]],"v":[[0.265,-30.92],[0.335,-30.76],[0.335,28.49],[-0.295,30.92],[-0.335,30.92],[0.265,28.57]],"c":true},"ix":2},"nm":"Path 1","mn":"ADBE Vector Shape - Group","hd":false},{"ty":"fl","c":{"a":0,"k":[0.658999992819,0.486000001197,0.310000011968,1],"ix":4},"o":{"a":0,"k":100,"ix":5},"r":1,"bm":0,"nm":"Fill 1","mn":"ADBE Vector Graphic - Fill","hd":false},{"ty":"tr","p":{"a":0,"k":[96.475,42.39],"ix":2},"a":{"a":0,"k":[0,0],"ix":1},"s":{"a":0,"k":[100,100],"ix":3},"r":{"a":0,"k":0,"ix":6},"o":{"a":0,"k":100,"ix":7},"sk":{"a":0,"k":0,"ix":4},"sa":{"a":0,"k":0,"ix":5},"nm":"Transform"}],"nm":"Group 1","np":2,"cix":2,"bm":0,"ix":1,"mn":"ADBE Vector Group","hd":false},{"ty":"gr","it":[{"ind":0,"ty":"sh","ix":1,"ks":{"a":0,"k":{"i":[[0,-0.79],[0,0],[0,0],[0,0],[0.31,0.65],[0,0]],"o":[[0,0],[0,0],[0,0],[0,-0.76],[0,0],[0.331,0.67]],"v":[[0.28,1.05],[0.28,1.16],[0.21,1],[0.21,0.97],[-0.28,-1.16],[-0.24,-1.16]],"c":true},"ix":2},"nm":"Path 1","mn":"ADBE Vector Shape - Group","hd":false},{"ty":"fl","c":{"a":0,"k":[0.658999992819,0.486000001197,0.310000011968,1],"ix":4},"o":{"a":0,"k":100,"ix":5},"r":1,"bm":0,"nm":"Fill 1","mn":"ADBE Vector Graphic - Fill","hd":false},{"ty":"tr","p":{"a":0,"k":[96.53,4.19],"ix":2},"a":{"a":0,"k":[0,0],"ix":1},"s":{"a":0,"k":[100,100],"ix":3},"r":{"a":0,"k":0,"ix":6},"o":{"a":0,"k":100,"ix":7},"sk":{"a":0,"k":0,"ix":4},"sa":{"a":0,"k":0,"ix":5},"nm":"Transform"}],"nm":"Group 2","np":2,"cix":2,"bm":0,"ix":2,"mn":"ADBE Vector Group","hd":false},{"ty":"gr","it":[{"ind":0,"ty":"sh","ix":1,"ks":{"a":0,"k":{"i":[[-0.03,-0.01],[2,-0.02],[-0.2,0],[0,0]],"o":[[-35.53,0],[0.19,-0.03],[0,0],[0.031,0]],"v":[[43.635,-0.01],[-43.635,0.02],[-43.055,-0.02],[43.534,-0.02]],"c":true},"ix":2},"nm":"Path 1","mn":"ADBE Vector Shape - Group","hd":false},{"ty":"fl","c":{"a":0,"k":[0.658999992819,0.486000001197,0.310000011968,1],"ix":4},"o":{"a":0,"k":100,"ix":5},"r":1,"bm":0,"nm":"Fill 1","mn":"ADBE Vector Graphic - Fill","hd":false},{"ty":"tr","p":{"a":0,"k":[48.285,0.27],"ix":2},"a":{"a":0,"k":[0,0],"ix":1},"s":{"a":0,"k":[100,100],"ix":3},"r":{"a":0,"k":0,"ix":6},"o":{"a":0,"k":100,"ix":7},"sk":{"a":0,"k":0,"ix":4},"sa":{"a":0,"k":0,"ix":5},"nm":"Transform"}],"nm":"Group 3","np":2,"cix":2,"bm":0,"ix":3,"mn":"ADBE Vector Group","hd":false},{"ty":"gr","it":[{"ind":0,"ty":"sh","ix":1,"ks":{"a":0,"k":{"i":[[0,0],[0,0],[0,0],[0,0],[0,0],[0,0],[0,0]],"o":[[0,0],[0,0],[0,0],[0,0],[0,0],[0,0],[0,0]],"v":[[0,-11.676],[7.47,-3.125],[5.13,-3.125],[5.13,11.676],[-5.13,11.676],[-5.13,-3.125],[-7.47,-3.125]],"c":true},"ix":2},"nm":"Path 1","mn":"ADBE Vector Shape - Group","hd":false},{"ty":"fl","c":{"a":0,"k":[0.658999992819,0.486000001197,0.310000011968,1],"ix":4},"o":{"a":0,"k":100,"ix":5},"r":1,"bm":0,"nm":"Fill 1","mn":"ADBE Vector Graphic - Fill","hd":false},{"ty":"tr","p":{"a":0,"k":[47.88,61.635],"ix":2},"a":{"a":0,"k":[0,0],"ix":1},"s":{"a":0,"k":[100,100],"ix":3},"r":{"a":0,"k":0,"ix":6},"o":{"a":0,"k":100,"ix":7},"sk":{"a":0,"k":0,"ix":4},"sa":{"a":0,"k":0,"ix":5},"nm":"Transform"}],"nm":"Group 4","np":2,"cix":2,"bm":0,"ix":4,"mn":"ADBE Vector Group","hd":false},{"ty":"gr","it":[{"ind":0,"ty":"sh","ix":1,"ks":{"a":0,"k":{"i":[[0,0],[0,0],[0,0],[0,0]],"o":[[0,0],[0,0],[0,0],[0,0]],"v":[[-5.13,4.78],[-5.13,-8.42],[5.13,-8.42],[5.13,8.42]],"c":true},"ix":2},"nm":"Path 1","mn":"ADBE Vector Shape - Group","hd":false},{"ty":"fl","c":{"a":0,"k":[0.658999992819,0.486000001197,0.310000011968,1],"ix":4},"o":{"a":0,"k":100,"ix":5},"r":1,"bm":0,"nm":"Fill 1","mn":"ADBE Vector Graphic - Fill","hd":false},{"ty":"tr","p":{"a":0,"k":[47.88,11.23],"ix":2},"a":{"a":0,"k":[0,0],"ix":1},"s":{"a":0,"k":[100,100],"ix":3},"r":{"a":0,"k":0,"ix":6},"o":{"a":0,"k":100,"ix":7},"sk":{"a":0,"k":0,"ix":4},"sa":{"a":0,"k":0,"ix":5},"nm":"Transform"}],"nm":"Group 5","np":2,"cix":2,"bm":0,"ix":5,"mn":"ADBE Vector Group","hd":false},{"ty":"gr","it":[{"ind":0,"ty":"sh","ix":1,"ks":{"a":0,"k":{"i":[[0,0],[1.29,0],[0,0],[0,0],[0,0],[0,0],[0,0],[0,0],[0,0],[0,0],[0,1.29],[0,0],[-1.3,0],[0,0],[0,0],[0,0],[0,0],[0,0],[-0.35,-0.21],[0,-0.86]],"o":[[0,1.29],[0,0],[0,0],[0,0],[0,0],[0,0],[0,0],[0,0],[0,0],[-1.3,0],[0,0],[0,-1.29],[0,0],[0,0],[0,0],[0,0],[0,0],[0.43,0],[0.69,0.41],[0,0]],"v":[[45.65,32.895],[43.3,35.246],[7.04,35.246],[7.04,23.005],[12.47,23.005],[-0.65,7.996],[-13.77,23.005],[-8.34,23.005],[-8.34,35.246],[-43.37,35.246],[-45.72,32.895],[-45.72,-32.905],[-43.37,-35.255],[-8.34,-35.255],[-8.34,-20.245],[7.04,-14.795],[7.04,-35.255],[43.3,-35.255],[44.49,-34.925],[45.65,-32.905]],"c":true},"ix":2},"nm":"Path 1","mn":"ADBE Vector Shape - Group","hd":false},{"ind":1,"ty":"sh","ix":2,"ks":{"a":0,"k":{"i":[[0,0],[0,0],[0,0],[0,0],[0,0],[0,0],[0,0]],"o":[[0,0],[0,0],[0,0],[0,0],[0,0],[0,0],[0,0]],"v":[[4.48,20.445],[4.48,35.246],[-5.78,35.246],[-5.78,20.445],[-8.12,20.445],[-0.65,11.895],[6.82,20.445]],"c":true},"ix":2},"nm":"Path 2","mn":"ADBE Vector Shape - Group","hd":false},{"ind":2,"ty":"sh","ix":3,"ks":{"a":0,"k":{"i":[[0,0],[0,0],[0,0],[0,0]],"o":[[0,0],[0,0],[0,0],[0,0]],"v":[[-5.78,-35.255],[4.48,-35.255],[4.48,-18.415],[-5.78,-22.055]],"c":true},"ix":2},"nm":"Path 3","mn":"ADBE Vector Shape - Group","hd":false},{"ind":3,"ty":"sh","ix":4,"ks":{"a":0,"k":{"i":[[0,0],[0,0],[0.31,0.65],[0,0],[1.92,0.03],[2,-0.02],[0.12,-0.02],[0.17,-0.05],[0,-2.24],[0,0],[-0.02,-0.17],[-2.34,-0.23],[-0.17,0],[0,0],[-0.86,1.529],[0,0],[0,0.851],[0,0],[0,0],[0,0]],"o":[[0,0],[0,-0.76],[0,0],[-0.8,-1.62],[-35.53,0],[-0.12,0.01],[-0.18,0.03],[-2.03,0.63],[0,0],[0,0.17],[0.23,2.35],[0.17,0.02],[0,0],[1.87,0],[0,0],[0.38,-0.701],[0,0],[0,0],[0,0],[0,0]],"v":[[48.21,-32.875],[48.21,-32.905],[47.72,-35.035],[47.76,-35.035],[43.39,-37.805],[-43.88,-37.775],[-44.25,-37.725],[-44.78,-37.595],[-48.28,-32.825],[-48.28,32.815],[-48.25,33.325],[-43.81,37.775],[-43.3,37.805],[43.29,37.805],[47.65,35.246],[47.61,35.246],[48.21,32.895],[48.21,-26.595],[48.28,-26.435],[48.28,-32.715]],"c":true},"ix":2},"nm":"Path 4","mn":"ADBE Vector Shape - Group","hd":false},{"ty":"mm","mm":1,"nm":"Merge Paths 1","mn":"ADBE Vector Filter - Merge","hd":false},{"ty":"fl","c":{"a":0,"k":[0.426999978458,0.298000021542,0.255000005984,1],"ix":4},"o":{"a":0,"k":100,"ix":5},"r":1,"bm":0,"nm":"Fill 1","mn":"ADBE Vector Graphic - Fill","hd":false},{"ty":"tr","p":{"a":0,"k":[48.53,38.065],"ix":2},"a":{"a":0,"k":[0,0],"ix":1},"s":{"a":0,"k":[100,100],"ix":3},"r":{"a":0,"k":0,"ix":6},"o":{"a":0,"k":100,"ix":7},"sk":{"a":0,"k":0,"ix":4},"sa":{"a":0,"k":0,"ix":5},"nm":"Transform"}],"nm":"Group 6","np":6,"cix":2,"bm":0,"ix":6,"mn":"ADBE Vector Group","hd":false},{"ty":"gr","it":[{"ind":0,"ty":"sh","ix":1,"ks":{"a":0,"k":{"i":[[0.607,0],[0,0],[0,0.607],[-0.607,0],[0,0],[0,-0.606]],"o":[[0,0],[-0.607,0],[0,-0.606],[0,0],[0.607,0],[0,0.607]],"v":[[4.036,1.098],[-4.037,1.098],[-5.135,-0.001],[-4.037,-1.098],[4.036,-1.098],[5.135,-0.001]],"c":true},"ix":2},"nm":"Path 1","mn":"ADBE Vector Shape - Group","hd":false},{"ty":"fl","c":{"a":0,"k":[0.658999992819,0.486000001197,0.310000011968,1],"ix":4},"o":{"a":0,"k":100,"ix":5},"r":1,"bm":0,"nm":"Fill 1","mn":"ADBE Vector Graphic - Fill","hd":false},{"ty":"tr","p":{"a":0,"k":[12.548,38.306],"ix":2},"a":{"a":0,"k":[0,0],"ix":1},"s":{"a":0,"k":[100,100],"ix":3},"r":{"a":0,"k":0,"ix":6},"o":{"a":0,"k":100,"ix":7},"sk":{"a":0,"k":0,"ix":4},"sa":{"a":0,"k":0,"ix":5},"nm":"Transform"}],"nm":"Group 7","np":2,"cix":2,"bm":0,"ix":7,"mn":"ADBE Vector Group","hd":false},{"ty":"gr","it":[{"ind":0,"ty":"sh","ix":1,"ks":{"a":0,"k":{"i":[[0.607,0],[0,0],[0,0.607],[-0.607,0],[0,0],[0,-0.606]],"o":[[0,0],[-0.607,0],[0,-0.606],[0,0],[0.607,0],[0,0.607]],"v":[[9.171,1.098],[-9.172,1.098],[-10.27,-0.001],[-9.172,-1.098],[9.171,-1.098],[10.27,-0.001]],"c":true},"ix":2},"nm":"Path 1","mn":"ADBE Vector Shape - Group","hd":false},{"ty":"fl","c":{"a":0,"k":[0.658999992819,0.486000001197,0.310000011968,1],"ix":4},"o":{"a":0,"k":100,"ix":5},"r":1,"bm":0,"nm":"Fill 1","mn":"ADBE Vector Graphic - Fill","hd":false},{"ty":"tr","p":{"a":0,"k":[17.683,33.911],"ix":2},"a":{"a":0,"k":[0,0],"ix":1},"s":{"a":0,"k":[100,100],"ix":3},"r":{"a":0,"k":0,"ix":6},"o":{"a":0,"k":100,"ix":7},"sk":{"a":0,"k":0,"ix":4},"sa":{"a":0,"k":0,"ix":5},"nm":"Transform"}],"nm":"Group 8","np":2,"cix":2,"bm":0,"ix":8,"mn":"ADBE Vector Group","hd":false},{"ty":"gr","it":[{"ind":0,"ty":"sh","ix":1,"ks":{"a":0,"k":{"i":[[0.607,0],[0,0],[0,0.607],[-0.607,0],[0,0],[0,-0.607]],"o":[[0,0],[-0.607,0],[0,-0.607],[0,0],[0.607,0],[0,0.607]],"v":[[19.441,1.098],[-19.442,1.098],[-20.54,-0.001],[-19.442,-1.098],[19.441,-1.098],[20.54,-0.001]],"c":true},"ix":2},"nm":"Path 1","mn":"ADBE Vector Shape - Group","hd":false},{"ty":"fl","c":{"a":0,"k":[0.658999992819,0.486000001197,0.310000011968,1],"ix":4},"o":{"a":0,"k":100,"ix":5},"r":1,"bm":0,"nm":"Fill 1","mn":"ADBE Vector Graphic - Fill","hd":false},{"ty":"tr","p":{"a":0,"k":[27.953,29.516],"ix":2},"a":{"a":0,"k":[0,0],"ix":1},"s":{"a":0,"k":[100,100],"ix":3},"r":{"a":0,"k":0,"ix":6},"o":{"a":0,"k":100,"ix":7},"sk":{"a":0,"k":0,"ix":4},"sa":{"a":0,"k":0,"ix":5},"nm":"Transform"}],"nm":"Group 9","np":2,"cix":2,"bm":0,"ix":9,"mn":"ADBE Vector Group","hd":false},{"ty":"gr","it":[{"ind":0,"ty":"sh","ix":1,"ks":{"a":0,"k":{"i":[[-1.296,0],[0,0],[0,0],[0,0],[0,0],[0,0]],"o":[[0,0],[0,0],[0,0],[0,0],[0,0],[0,-1.296]],"v":[[-16.339,-2.192],[18.689,-2.192],[18.689,-2.139],[18.689,2.192],[-18.689,2.139],[-18.689,0.158]],"c":true},"ix":2},"nm":"Path 1","mn":"ADBE Vector Shape - Group","hd":false},{"ty":"fl","c":{"a":0,"k":[0.847000002394,0.741000007181,0.616000007181,1],"ix":4},"o":{"a":0,"k":100,"ix":5},"r":1,"bm":0,"nm":"Fill 1","mn":"ADBE Vector Graphic - Fill","hd":false},{"ty":"tr","p":{"a":0,"k":[21.499,5.005],"ix":2},"a":{"a":0,"k":[0,0],"ix":1},"s":{"a":0,"k":[100,100],"ix":3},"r":{"a":0,"k":0,"ix":6},"o":{"a":0,"k":100,"ix":7},"sk":{"a":0,"k":0,"ix":4},"sa":{"a":0,"k":0,"ix":5},"nm":"Transform"}],"nm":"Group 10","np":2,"cix":2,"bm":0,"ix":10,"mn":"ADBE Vector Group","hd":false},{"ty":"gr","it":[{"ind":0,"ty":"sh","ix":1,"ks":{"a":0,"k":{"i":[[0,0],[0.693,0.409],[0.436,0],[0,0],[0,0],[0,0],[-0.349,-0.207],[0,-0.861],[0,0],[1.295,0],[0,0]],"o":[[0,-0.861],[-0.35,-0.206],[0,0],[0,0],[0,0],[0.434,0],[0.694,0.409],[0,0],[0,1.296],[0,0],[0,0]],"v":[[15.275,-28.567],[14.115,-30.589],[12.924,-30.917],[-19.303,-30.917],[-19.303,-35.247],[16.954,-35.247],[18.143,-34.92],[19.303,-32.896],[19.303,32.895],[16.954,35.247],[15.275,35.247]],"c":true},"ix":2},"nm":"Path 1","mn":"ADBE Vector Shape - Group","hd":false},{"ty":"fl","c":{"a":0,"k":[0.847000002394,0.741000007181,0.616000007181,1],"ix":4},"o":{"a":0,"k":100,"ix":5},"r":1,"bm":0,"nm":"Fill 1","mn":"ADBE Vector Graphic - Fill","hd":false},{"ty":"tr","p":{"a":0,"k":[74.873,38.06],"ix":2},"a":{"a":0,"k":[0,0],"ix":1},"s":{"a":0,"k":[100,100],"ix":3},"r":{"a":0,"k":0,"ix":6},"o":{"a":0,"k":100,"ix":7},"sk":{"a":0,"k":0,"ix":4},"sa":{"a":0,"k":0,"ix":5},"nm":"Transform"}],"nm":"Group 11","np":2,"cix":2,"bm":0,"ix":11,"mn":"ADBE Vector Group","hd":false},{"ty":"gr","it":[{"ind":0,"ty":"sh","ix":1,"ks":{"a":0,"k":{"i":[[0,0],[0,0],[0,0],[0,1.296],[0,0],[0,0]],"o":[[0,0],[0,0],[-1.296,0],[0,0],[0,0],[0,0]],"v":[[18.689,4.524],[18.689,4.578],[-16.339,4.578],[-18.689,2.227],[-18.689,-4.578],[18.689,-4.578]],"c":true},"ix":2},"nm":"Path 1","mn":"ADBE Vector Shape - Group","hd":false},{"ty":"fl","c":{"a":0,"k":[0.658999992819,0.486000001197,0.310000011968,1],"ix":4},"o":{"a":0,"k":100,"ix":5},"r":1,"bm":0,"nm":"Fill 1","mn":"ADBE Vector Graphic - Fill","hd":false},{"ty":"tr","p":{"a":0,"k":[21.499,68.729],"ix":2},"a":{"a":0,"k":[0,0],"ix":1},"s":{"a":0,"k":[100,100],"ix":3},"r":{"a":0,"k":0,"ix":6},"o":{"a":0,"k":100,"ix":7},"sk":{"a":0,"k":0,"ix":4},"sa":{"a":0,"k":0,"ix":5},"nm":"Transform"}],"nm":"Group 12","np":2,"cix":2,"bm":0,"ix":12,"mn":"ADBE Vector Group","hd":false},{"ty":"gr","it":[{"ind":0,"ty":"sh","ix":1,"ks":{"a":0,"k":{"i":[[1.295,0],[0,0],[0,0],[0,0],[0,0]],"o":[[0,0],[0,0],[0,0],[0,0],[0,1.296]],"v":[[16.953,4.577],[-19.303,4.577],[-19.303,-4.577],[19.303,-4.577],[19.303,2.227]],"c":true},"ix":2},"nm":"Path 1","mn":"ADBE Vector Shape - Group","hd":false},{"ty":"fl","c":{"a":0,"k":[0.658999992819,0.486000001197,0.310000011968,1],"ix":4},"o":{"a":0,"k":100,"ix":5},"r":1,"bm":0,"nm":"Fill 1","mn":"ADBE Vector Graphic - Fill","hd":false},{"ty":"tr","p":{"a":0,"k":[74.873,68.729],"ix":2},"a":{"a":0,"k":[0,0],"ix":1},"s":{"a":0,"k":[100,100],"ix":3},"r":{"a":0,"k":0,"ix":6},"o":{"a":0,"k":100,"ix":7},"sk":{"a":0,"k":0,"ix":4},"sa":{"a":0,"k":0,"ix":5},"nm":"Transform"}],"nm":"Group 13","np":2,"cix":2,"bm":0,"ix":13,"mn":"ADBE Vector Group","hd":false},{"ty":"gr","it":[{"ind":0,"ty":"sh","ix":1,"ks":{"a":0,"k":{"i":[[-1.296,0],[0,0],[0,0],[0,0],[0,0],[0,0],[0,0],[-0.349,-0.206],[0,-0.861],[0,0],[1.295,0],[0,0],[0,0],[0,0],[0,0],[0,0],[0,0],[0,0],[0,0],[0,0],[0,1.296],[0,0]],"o":[[0,0],[0,0],[0,0],[0,0],[0,0],[0,0],[0.435,0],[0.694,0.409],[0,0],[0,1.296],[0,0],[0,0],[0,0],[0,0],[0,0],[0,0],[0,0],[0,0],[0,0],[-1.296,0],[0,0],[0,-1.296]],"v":[[-43.333,-35.247],[-8.305,-35.247],[-8.305,-35.193],[-8.305,-20.239],[7.077,-14.786],[7.077,-35.247],[43.333,-35.247],[44.523,-34.919],[45.684,-32.896],[45.684,32.895],[43.333,35.247],[7.077,35.247],[7.077,23.011],[12.503,23.011],[-0.613,8.005],[-13.73,23.011],[-8.305,23.011],[-8.305,35.193],[-8.305,35.247],[-43.333,35.247],[-45.684,32.895],[-45.684,-32.896]],"c":true},"ix":2},"nm":"Path 1","mn":"ADBE Vector Shape - Group","hd":false},{"ty":"fl","c":{"a":0,"k":[0.764999988032,0.6,0.419999994016,1],"ix":4},"o":{"a":0,"k":100,"ix":5},"r":1,"bm":0,"nm":"Fill 1","mn":"ADBE Vector Graphic - Fill","hd":false},{"ty":"tr","p":{"a":0,"k":[48.493,38.06],"ix":2},"a":{"a":0,"k":[0,0],"ix":1},"s":{"a":0,"k":[100,100],"ix":3},"r":{"a":0,"k":0,"ix":6},"o":{"a":0,"k":100,"ix":7},"sk":{"a":0,"k":0,"ix":4},"sa":{"a":0,"k":0,"ix":5},"nm":"Transform"}],"nm":"Group 14","np":2,"cix":2,"bm":0,"ix":14,"mn":"ADBE Vector Group","hd":false},{"ty":"gr","it":[{"ind":0,"ty":"sh","ix":1,"ks":{"a":0,"k":{"i":[[0,0],[0,0],[0,0],[0,0],[0,0],[0,0],[0,0]],"o":[[0,0],[0,0],[0,0],[0,0],[0,0],[0,0],[0,0]],"v":[[7.472,-3.126],[5.127,-3.126],[5.127,11.673],[-5.128,11.673],[-5.128,-3.126],[-7.472,-3.126],[-0.001,-11.673]],"c":true},"ix":2},"nm":"Path 1","mn":"ADBE Vector Shape - Group","hd":false},{"ty":"fl","c":{"a":0,"k":[0.816000007181,0.823999980852,0.827000038297,1],"ix":4},"o":{"a":0,"k":100,"ix":5},"r":1,"bm":0,"nm":"Fill 1","mn":"ADBE Vector Graphic - Fill","hd":false},{"ty":"tr","p":{"a":0,"k":[47.88,61.633],"ix":2},"a":{"a":0,"k":[0,0],"ix":1},"s":{"a":0,"k":[100,100],"ix":3},"r":{"a":0,"k":0,"ix":6},"o":{"a":0,"k":100,"ix":7},"sk":{"a":0,"k":0,"ix":4},"sa":{"a":0,"k":0,"ix":5},"nm":"Transform"}],"nm":"Group 15","np":2,"cix":2,"bm":0,"ix":15,"mn":"ADBE Vector Group","hd":false},{"ty":"gr","it":[{"ind":0,"ty":"sh","ix":1,"ks":{"a":0,"k":{"i":[[0,0],[0,0],[0,0],[0,0]],"o":[[0,0],[0,0],[0,0],[0,0]],"v":[[-5.127,-8.416],[5.127,-8.416],[5.127,8.416],[-5.127,4.78]],"c":true},"ix":2},"nm":"Path 1","mn":"ADBE Vector Shape - Group","hd":false},{"ty":"fl","c":{"a":0,"k":[0.816000007181,0.823999980852,0.827000038297,1],"ix":4},"o":{"a":0,"k":100,"ix":5},"r":1,"bm":0,"nm":"Fill 1","mn":"ADBE Vector Graphic - Fill","hd":false},{"ty":"tr","p":{"a":0,"k":[47.88,11.23],"ix":2},"a":{"a":0,"k":[0,0],"ix":1},"s":{"a":0,"k":[100,100],"ix":3},"r":{"a":0,"k":0,"ix":6},"o":{"a":0,"k":100,"ix":7},"sk":{"a":0,"k":0,"ix":4},"sa":{"a":0,"k":0,"ix":5},"nm":"Transform"}],"nm":"Group 16","np":2,"cix":2,"bm":0,"ix":16,"mn":"ADBE Vector Group","hd":false}],"ip":0,"op":912.000037146522,"st":12.00000048877,"bm":0},{"ddd":0,"ind":5,"ty":4,"nm":"LS/Box Receiing Outlines","parent":4,"sr":1,"ks":{"o":{"a":1,"k":[{"i":{"x":[0.667],"y":[1]},"o":{"x":[0.333],"y":[0]},"t":0,"s":[0]},{"t":7.00000028511585,"s":[100]}],"ix":11},"r":{"a":0,"k":0,"ix":10},"p":{"a":0,"k":[3,14.5,0],"ix":2},"a":{"a":0,"k":[20,11,0],"ix":1},"s":{"a":1,"k":[{"i":{"x":[0.833,0.833,0.833],"y":[0.833,0.833,0.833]},"o":{"x":[0.167,0.167,0.167],"y":[0.167,0.167,0.167]},"t":56,"s":[100,100,100]},{"t":66.0000026882351,"s":[0,100,100]}],"ix":6}},"ao":0,"shapes":[{"ty":"gr","it":[{"ind":0,"ty":"sh","ix":1,"ks":{"a":0,"k":{"i":[[0,0],[0,0],[0.068,0.163],[-0.031,0.031],[0,0]],"o":[[0,0],[-0.044,0],[-0.067,-0.164],[0,0],[0,0]],"v":[[7.023,7.913],[-6.534,7.913],[-6.779,7.75],[-6.721,7.461],[7.023,-6.283]],"c":true},"ix":2},"nm":"Path 1","mn":"ADBE Vector Shape - Group","hd":false},{"ind":1,"ty":"sh","ix":2,"ks":{"a":0,"k":{"i":[[0.002,0.051],[0.653,0.603],[0.028,-0.245],[0,0],[-0.439,-1.061],[-1.148,0],[0,0],[0,0],[-0.86,0.154],[0,0],[0.011,0.242]],"o":[[-0.902,-0.342],[-0.063,0.232],[0,0],[-0.812,0.811],[0.44,1.06],[0,0],[0,0],[0.846,-0.226],[0,0],[-0.015,-0.242],[-0.002,-0.051]],"v":[[9.538,-9.224],[7.201,-10.656],[7.059,-9.944],[-8.534,5.65],[-9.147,8.732],[-6.534,10.478],[7.023,10.478],[7.023,10.656],[9.586,10.094],[9.586,-8.348],[9.538,-9.072]],"c":true},"ix":2},"nm":"Path 2","mn":"ADBE Vector Shape - Group","hd":false},{"ty":"mm","mm":1,"nm":"Merge Paths 1","mn":"ADBE Vector Filter - Merge","hd":false},{"ty":"fl","c":{"a":0,"k":[0.426999978458,0.298000021542,0.255000005984,1],"ix":4},"o":{"a":0,"k":100,"ix":5},"r":1,"bm":0,"nm":"Fill 1","mn":"ADBE Vector Graphic - Fill","hd":false},{"ty":"tr","p":{"a":0,"k":[9.836,10.907],"ix":2},"a":{"a":0,"k":[0,0],"ix":1},"s":{"a":0,"k":[100,100],"ix":3},"r":{"a":0,"k":0,"ix":6},"o":{"a":0,"k":100,"ix":7},"sk":{"a":0,"k":0,"ix":4},"sa":{"a":0,"k":0,"ix":5},"nm":"Transform"}],"nm":"Group 1","np":4,"cix":2,"bm":0,"ix":1,"mn":"ADBE Vector Group","hd":false},{"ty":"gr","it":[{"ind":0,"ty":"sh","ix":1,"ks":{"a":0,"k":{"i":[[0,0],[0,0],[0,0],[0.068,0.163],[-0.031,0.031]],"o":[[0,0],[0,0],[-0.044,0],[-0.067,-0.164],[0,0]],"v":[[6.934,-7.098],[6.934,7.098],[-6.622,7.098],[-6.867,6.935],[-6.809,6.646]],"c":true},"ix":2},"nm":"Path 1","mn":"ADBE Vector Shape - Group","hd":false},{"ty":"fl","c":{"a":0,"k":[0.658999992819,0.486000001197,0.310000011968,1],"ix":4},"o":{"a":0,"k":100,"ix":5},"r":1,"bm":0,"nm":"Fill 1","mn":"ADBE Vector Graphic - Fill","hd":false},{"ty":"tr","p":{"a":0,"k":[9.924,11.722],"ix":2},"a":{"a":0,"k":[0,0],"ix":1},"s":{"a":0,"k":[100,100],"ix":3},"r":{"a":0,"k":0,"ix":6},"o":{"a":0,"k":100,"ix":7},"sk":{"a":0,"k":0,"ix":4},"sa":{"a":0,"k":0,"ix":5},"nm":"Transform"}],"nm":"Group 2","np":2,"cix":2,"bm":0,"ix":2,"mn":"ADBE Vector Group","hd":false}],"ip":0,"op":912.000037146522,"st":12.00000048877,"bm":0},{"ddd":0,"ind":6,"ty":4,"nm":"RS/Box Receiing Outlines","parent":4,"sr":1,"ks":{"o":{"a":1,"k":[{"i":{"x":[0.667],"y":[1]},"o":{"x":[0.333],"y":[0]},"t":0,"s":[0]},{"t":7.00000028511585,"s":[100]}],"ix":11},"r":{"a":0,"k":0,"ix":10},"p":{"a":0,"k":[93,38.5,0],"ix":2},"a":{"a":0,"k":[0,39,0],"ix":1},"s":{"a":1,"k":[{"i":{"x":[0.833,0.833,0.833],"y":[0.833,0.833,0.833]},"o":{"x":[0.167,0.167,0.167],"y":[0.167,0.167,0.167]},"t":56,"s":[100,100,100]},{"t":66.0000026882351,"s":[0,100,100]}],"ix":6}},"ao":0,"shapes":[{"ty":"gr","it":[{"ind":0,"ty":"sh","ix":1,"ks":{"a":0,"k":{"i":[[1.295,0],[0,0],[0,0.851],[0,0],[0,0],[0,0]],"o":[[0,0],[0.383,-0.699],[0,0],[0,0],[0,0],[0,1.296]],"v":[[14.43,4.577],[-16.78,4.577],[-16.179,2.227],[-16.179,-4.577],[16.78,-4.577],[16.78,2.227]],"c":true},"ix":2},"nm":"Path 1","mn":"ADBE Vector Shape - Group","hd":false},{"ty":"fl","c":{"a":0,"k":[0.658999992819,0.486000001197,0.310000011968,1],"ix":4},"o":{"a":0,"k":100,"ix":5},"r":1,"bm":0,"nm":"Fill 1","mn":"ADBE Vector Graphic - Fill","hd":false},{"ty":"tr","p":{"a":0,"k":[20.063,68.729],"ix":2},"a":{"a":0,"k":[0,0],"ix":1},"s":{"a":0,"k":[100,100],"ix":3},"r":{"a":0,"k":0,"ix":6},"o":{"a":0,"k":100,"ix":7},"sk":{"a":0,"k":0,"ix":4},"sa":{"a":0,"k":0,"ix":5},"nm":"Transform"}],"nm":"Group 1","np":2,"cix":2,"bm":0,"ix":1,"mn":"ADBE Vector Group","hd":false},{"ty":"gr","it":[{"ind":0,"ty":"sh","ix":1,"ks":{"a":0,"k":{"i":[[0.223,-0.345],[0.41,0],[0,0],[0.863,1.929],[0,0],[0,0],[0.312,0.645],[0,0],[-0.65,-1.455],[0,0]],"o":[[-0.225,0.345],[0,0],[-2.114,0],[0,0],[0,0],[0,-0.765],[0,0],[1.594,0],[0,0],[0.167,0.375]],"v":[[26.344,-8.537],[25.344,-7.994],[-11.064,-7.994],[-15.964,-11.17],[-25.658,-32.87],[-25.658,-32.896],[-26.152,-35.027],[12.477,-35.027],[16.171,-32.631],[26.432,-9.67]],"c":true},"ix":2},"nm":"Path 1","mn":"ADBE Vector Shape - Group","hd":false},{"ind":1,"ty":"sh","ix":2,"ks":{"a":0,"k":{"i":[[0,0],[1.295,0],[0,0],[0,0.851],[0,0],[0,0],[-3.124,0],[0,0]],"o":[[0,1.296],[0,0],[0.383,-0.7],[0,0],[0,0],[1.273,2.851],[0,0],[0,0]],"v":[[7.301,32.896],[4.951,35.247],[-26.26,35.247],[-25.658,32.896],[-25.658,-26.586],[-18.303,-10.124],[-11.064,-5.431],[7.301,-5.431]],"c":true},"ix":2},"nm":"Path 2","mn":"ADBE Vector Shape - Group","hd":false},{"ind":2,"ty":"sh","ix":3,"ks":{"a":0,"k":{"i":[[0.521,1.166],[0,0],[2.603,0],[0,0],[0.504,0],[19.379,-0.003],[-0.125,-1.169],[0,-0.553],[0,0],[0.003,-0.052],[-0.028,-0.633],[0.047,-0.965],[0,0],[0,2.709],[0,0],[0,0],[-0.695,1.072]],"o":[[0,0],[-1.063,-2.379],[0,0],[-0.459,-0.142],[0,0],[0.236,1.136],[0.322,0.401],[0,0],[0,0.053],[0.052,0.627],[0.042,0.945],[0,0],[2.709,0],[0,0],[0,0],[1.276,0],[0.695,-1.072]],"v":[[28.771,-10.716],[18.512,-33.676],[12.477,-37.591],[6.402,-37.591],[4.951,-37.81],[-29.292,-37.805],[-28.751,-34.347],[-28.221,-32.896],[-28.221,32.896],[-28.238,33.051],[-28.111,34.939],[-28.135,37.81],[4.951,37.81],[9.865,32.896],[9.865,-5.431],[25.344,-5.431],[28.494,-7.142]],"c":true},"ix":2},"nm":"Path 3","mn":"ADBE Vector Shape - Group","hd":false},{"ty":"mm","mm":1,"nm":"Merge Paths 1","mn":"ADBE Vector Filter - Merge","hd":false},{"ty":"fl","c":{"a":0,"k":[0.426999978458,0.298000021542,0.255000005984,1],"ix":4},"o":{"a":0,"k":100,"ix":5},"r":1,"bm":0,"nm":"Fill 1","mn":"ADBE Vector Graphic - Fill","hd":false},{"ty":"tr","p":{"a":0,"k":[29.542,38.06],"ix":2},"a":{"a":0,"k":[0,0],"ix":1},"s":{"a":0,"k":[100,100],"ix":3},"r":{"a":0,"k":0,"ix":6},"o":{"a":0,"k":100,"ix":7},"sk":{"a":0,"k":0,"ix":4},"sa":{"a":0,"k":0,"ix":5},"nm":"Transform"}],"nm":"Group 2","np":5,"cix":2,"bm":0,"ix":2,"mn":"ADBE Vector Group","hd":false},{"ty":"gr","it":[{"ind":0,"ty":"sh","ix":1,"ks":{"a":0,"k":{"i":[[0,0],[1.593,0],[0,0],[0,0],[0,0],[0.312,0.646],[0,0],[-0.651,-1.456],[0,0],[0.222,-0.344],[0.41,0],[0,0]],"o":[[-0.65,-1.456],[0,0],[0,0],[0,0],[0,-0.765],[0,0],[1.593,0],[0,0],[0.167,0.375],[-0.225,0.346],[0,0],[0,0]],"v":[[14.483,-7.092],[10.788,-9.488],[-25.046,-9.488],[-25.882,-11.359],[-25.882,-11.385],[-26.375,-13.516],[12.253,-13.516],[15.948,-11.119],[26.208,11.842],[26.12,12.973],[25.121,13.516],[23.691,13.516]],"c":true},"ix":2},"nm":"Path 1","mn":"ADBE Vector Shape - Group","hd":false},{"ty":"fl","c":{"a":0,"k":[0.847000002394,0.741000007181,0.616000007181,1],"ix":4},"o":{"a":0,"k":100,"ix":5},"r":1,"bm":0,"nm":"Fill 1","mn":"ADBE Vector Graphic - Fill","hd":false},{"ty":"tr","p":{"a":0,"k":[29.766,16.549],"ix":2},"a":{"a":0,"k":[0,0],"ix":1},"s":{"a":0,"k":[100,100],"ix":3},"r":{"a":0,"k":0,"ix":6},"o":{"a":0,"k":100,"ix":7},"sk":{"a":0,"k":0,"ix":4},"sa":{"a":0,"k":0,"ix":5},"nm":"Transform"}],"nm":"Group 3","np":2,"cix":2,"bm":0,"ix":3,"mn":"ADBE Vector Group","hd":false},{"ty":"gr","it":[{"ind":0,"ty":"sh","ix":1,"ks":{"a":0,"k":{"i":[[0.862,1.93],[0,0],[0,0],[0.312,0.646],[0,0],[-0.651,-1.456],[0,0],[0.222,-0.344],[0.41,0],[0,0]],"o":[[0,0],[0,0],[0,-0.764],[0,0],[1.594,0],[0,0],[0.167,0.375],[-0.225,0.346],[0,0],[-2.114,0]],"v":[[-16.187,10.34],[-25.882,-11.359],[-25.882,-11.385],[-26.375,-13.517],[12.252,-13.517],[15.948,-11.12],[26.208,11.84],[26.12,12.974],[25.121,13.517],[-11.289,13.517]],"c":true},"ix":2},"nm":"Path 1","mn":"ADBE Vector Shape - Group","hd":false},{"ty":"fl","c":{"a":0,"k":[0.764999988032,0.6,0.419999994016,1],"ix":4},"o":{"a":0,"k":100,"ix":5},"r":1,"bm":0,"nm":"Fill 1","mn":"ADBE Vector Graphic - Fill","hd":false},{"ty":"tr","p":{"a":0,"k":[29.766,16.549],"ix":2},"a":{"a":0,"k":[0,0],"ix":1},"s":{"a":0,"k":[100,100],"ix":3},"r":{"a":0,"k":0,"ix":6},"o":{"a":0,"k":100,"ix":7},"sk":{"a":0,"k":0,"ix":4},"sa":{"a":0,"k":0,"ix":5},"nm":"Transform"}],"nm":"Group 4","np":2,"cix":2,"bm":0,"ix":4,"mn":"ADBE Vector Group","hd":false},{"ty":"gr","it":[{"ind":0,"ty":"sh","ix":1,"ks":{"a":0,"k":{"i":[[0,0],[-2.114,0],[0,0],[0,0],[0,0],[0,0],[0.327,2.31],[0,0],[0,0]],"o":[[0.862,1.93],[0,0],[0,0],[0,0],[0,0],[-2.178,-0.836],[0,0],[0,0],[0,0]],"v":[[-8.61,-6.87],[-3.712,-3.693],[12.907,-3.693],[14.654,-1.129],[14.654,14.555],[-8.521,5.656],[-12.58,0.557],[-14.654,-14.113],[-12.044,-14.555]],"c":true},"ix":2},"nm":"Path 1","mn":"ADBE Vector Shape - Group","hd":false},{"ty":"fl","c":{"a":0,"k":[0.658999992819,0.486000001197,0.310000011968,1],"ix":4},"o":{"a":0,"k":100,"ix":5},"r":1,"bm":0,"nm":"Fill 1","mn":"ADBE Vector Graphic - Fill","hd":false},{"ty":"tr","p":{"a":0,"k":[22.189,33.759],"ix":2},"a":{"a":0,"k":[0,0],"ix":1},"s":{"a":0,"k":[100,100],"ix":3},"r":{"a":0,"k":0,"ix":6},"o":{"a":0,"k":100,"ix":7},"sk":{"a":0,"k":0,"ix":4},"sa":{"a":0,"k":0,"ix":5},"nm":"Transform"}],"nm":"Group 5","np":2,"cix":2,"bm":0,"ix":5,"mn":"ADBE Vector Group","hd":false},{"ty":"gr","it":[{"ind":0,"ty":"sh","ix":1,"ks":{"a":0,"k":{"i":[[0,0],[0,0],[-3.124,0],[0,0],[0,0],[1.295,0],[0,0],[0,0.851]],"o":[[0,0],[1.274,2.851],[0,0],[0,0],[0,1.296],[0,0],[0.383,-0.699],[0,0]],"v":[[-16.179,-30.917],[-8.824,-14.454],[-1.585,-9.76],[16.78,-9.76],[16.78,28.566],[14.43,30.917],[-16.78,30.917],[-16.179,28.566]],"c":true},"ix":2},"nm":"Path 1","mn":"ADBE Vector Shape - Group","hd":false},{"ty":"fl","c":{"a":0,"k":[0.764999988032,0.6,0.419999994016,1],"ix":4},"o":{"a":0,"k":100,"ix":5},"r":1,"bm":0,"nm":"Fill 1","mn":"ADBE Vector Graphic - Fill","hd":false},{"ty":"tr","p":{"a":0,"k":[20.063,42.39],"ix":2},"a":{"a":0,"k":[0,0],"ix":1},"s":{"a":0,"k":[100,100],"ix":3},"r":{"a":0,"k":0,"ix":6},"o":{"a":0,"k":100,"ix":7},"sk":{"a":0,"k":0,"ix":4},"sa":{"a":0,"k":0,"ix":5},"nm":"Transform"}],"nm":"Group 6","np":2,"cix":2,"bm":0,"ix":6,"mn":"ADBE Vector Group","hd":false}],"ip":0,"op":912.000037146522,"st":12.00000048877,"bm":0},{"ddd":0,"ind":7,"ty":4,"nm":"Arrow/Box Receiing Outlines 2","sr":1,"ks":{"o":{"a":1,"k":[{"i":{"x":[0.667],"y":[1]},"o":{"x":[0.333],"y":[0]},"t":30,"s":[0]},{"i":{"x":[0.667],"y":[1]},"o":{"x":[0.333],"y":[0]},"t":35,"s":[100]},{"i":{"x":[0.667],"y":[1]},"o":{"x":[0.333],"y":[0]},"t":54,"s":[100]},{"t":61.0000024845809,"s":[0]}],"ix":11},"r":{"a":0,"k":0,"ix":10},"p":{"a":1,"k":[{"i":{"x":0.667,"y":1},"o":{"x":0.333,"y":0},"t":30,"s":[150,155,0],"to":[0,14.5,0],"ti":[0,-14.5,0]},{"t":58.0000023623884,"s":[150,242,0]}],"ix":2},"a":{"a":0,"k":[14,23,0],"ix":1},"s":{"a":0,"k":[100,100,100],"ix":6}},"ao":0,"shapes":[{"ty":"gr","it":[{"ind":0,"ty":"sh","ix":1,"ks":{"a":0,"k":{"i":[[-0.18,-1.09],[0.33,0],[0,0],[0,-1.28],[0,0],[0,0],[-1.23,-1.79],[0,0],[0.19,0.27],[0,0],[-2.17,0],[0,0],[0,0],[-1.28,0],[0,0]],"o":[[-0.28,-0.13],[0,0],[-1.28,0],[0,0],[0,0],[-2.17,0],[0,0],[-0.24,-0.19],[0,0],[-1.23,-1.79],[0,0],[0,0],[0,-1.28],[0,0],[1.14,0]],"v":[[8.27,-17.215],[7.34,-17.415],[1.66,-17.415],[-0.66,-15.105],[-0.66,4.465],[-3.48,4.465],[-5.7,8.685],[1.45,19.135],[0.81,18.445],[-7.04,6.965],[-4.82,2.745],[-2,2.745],[-2,-16.825],[0.32,-19.135],[6,-19.135]],"c":true},"ix":2},"nm":"Path 1","mn":"ADBE Vector Shape - Group","hd":false},{"ty":"fl","c":{"a":0,"k":[0.2235294117647059,0.7098039215686275,0.2901960784313726,1],"ix":4},"o":{"a":0,"k":100,"ix":5},"r":1,"bm":0,"nm":"Fill 1","mn":"ADBE Vector Graphic - Fill","hd":false},{"ty":"tr","p":{"a":0,"k":[11.259,22.76],"ix":2},"a":{"a":0,"k":[0,0],"ix":1},"s":{"a":0,"k":[100,100],"ix":3},"r":{"a":0,"k":0,"ix":6},"o":{"a":0,"k":100,"ix":7},"sk":{"a":0,"k":0,"ix":4},"sa":{"a":0,"k":0,"ix":5},"nm":"Transform"}],"nm":"Group 1","np":2,"cix":2,"bm":0,"ix":1,"mn":"ADBE Vector Group","hd":false},{"ty":"gr","it":[{"ind":0,"ty":"sh","ix":1,"ks":{"a":0,"k":{"i":[[0,-1.034],[0,0],[0,0],[0,0.955],[0,0],[0.034,0.141]],"o":[[0,0],[0,0],[-0.723,-0.621],[0,0],[0,-0.141],[0.915,0.381]],"v":[[0.78,-8.218],[0.78,10.515],[0.406,10.194],[-0.735,7.512],[-0.735,-10.091],[-0.78,-10.515]],"c":true},"ix":2},"nm":"Path 1","mn":"ADBE Vector Shape - Group","hd":false},{"ty":"fl","c":{"a":0,"k":[0.2235294117647059,0.7098039215686275,0.2901960784313726,1],"ix":4},"o":{"a":0,"k":100,"ix":5},"r":1,"bm":0,"nm":"Fill 1","mn":"ADBE Vector Graphic - Fill","hd":false},{"ty":"tr","p":{"a":0,"k":[18.63,13.765],"ix":2},"a":{"a":0,"k":[0,0],"ix":1},"s":{"a":0,"k":[100,100],"ix":3},"r":{"a":0,"k":0,"ix":6},"o":{"a":0,"k":100,"ix":7},"sk":{"a":0,"k":0,"ix":4},"sa":{"a":0,"k":0,"ix":5},"nm":"Transform"}],"nm":"Group 2","np":2,"cix":2,"bm":0,"ix":2,"mn":"ADBE Vector Group","hd":false},{"ty":"gr","it":[{"ind":0,"ty":"sh","ix":1,"ks":{"a":0,"k":{"i":[[0.8,-1.39],[0,0],[1.39,2.02],[0,0],[-1.06,1.84],[0,0],[0.17,0.64]],"o":[[0,0],[-1.22,2.12],[0,0],[1.53,1.26],[0,0],[0.38,-0.66],[1.27,0.68]],"v":[[6.06,-4.975],[-0.53,6.465],[-6.16,6.685],[-6.86,5.655],[-1.87,4.745],[4.72,-6.695],[4.99,-8.705]],"c":true},"ix":2},"nm":"Path 1","mn":"ADBE Vector Shape - Group","hd":false},{"ty":"fl","c":{"a":0,"k":[0.2235294117647059,0.7098039215686275,0.2901960784313726,1],"ix":4},"o":{"a":0,"k":100,"ix":5},"r":1,"bm":0,"nm":"Fill 1","mn":"ADBE Vector Graphic - Fill","hd":false},{"ty":"tr","p":{"a":0,"k":[18.07,34.145],"ix":2},"a":{"a":0,"k":[0,0],"ix":1},"s":{"a":0,"k":[100,100],"ix":3},"r":{"a":0,"k":0,"ix":6},"o":{"a":0,"k":100,"ix":7},"sk":{"a":0,"k":0,"ix":4},"sa":{"a":0,"k":0,"ix":5},"nm":"Transform"}],"nm":"Group 3","np":2,"cix":2,"bm":0,"ix":3,"mn":"ADBE Vector Group","hd":false},{"ty":"gr","it":[{"ind":0,"ty":"sh","ix":1,"ks":{"a":0,"k":{"i":[[1.03,-1.8],[0,0],[1.39,2.02],[0,0],[-2.17,0],[0,0],[0,0.641],[0,0],[-1.917,0],[0,0],[0,-1.28],[0,0],[-0.641,0],[0,0]],"o":[[0,0],[-1.22,2.12],[0,0],[-1.23,-1.79],[0,0],[0.641,0],[0,0],[0,-1.916],[0,0],[1.27,0],[0,0],[0,0.641],[0,0],[2.07,0]],"v":[[10.135,6.12],[3.545,17.56],[-2.085,17.78],[-9.935,6.3],[-7.715,2.08],[-6.055,2.08],[-4.895,0.92],[-4.895,-16.33],[-1.425,-19.8],[3.105,-19.8],[5.415,-17.49],[5.415,0.92],[6.575,2.08],[7.805,2.08]],"c":true},"ix":2},"nm":"Path 1","mn":"ADBE Vector Shape - Group","hd":false},{"ty":"fl","c":{"a":0,"k":[0.2235294117647059,0.7098039215686275,0.2901960784313726,1],"ix":4},"o":{"a":0,"k":100,"ix":5},"r":1,"bm":0,"nm":"Fill 1","mn":"ADBE Vector Graphic - Fill","hd":false},{"ty":"tr","p":{"a":0,"k":[13.995,23.05],"ix":2},"a":{"a":0,"k":[0,0],"ix":1},"s":{"a":0,"k":[100,100],"ix":3},"r":{"a":0,"k":0,"ix":6},"o":{"a":0,"k":100,"ix":7},"sk":{"a":0,"k":0,"ix":4},"sa":{"a":0,"k":0,"ix":5},"nm":"Transform"}],"nm":"Group 4","np":2,"cix":2,"bm":0,"ix":4,"mn":"ADBE Vector Group","hd":false},{"ty":"gr","it":[{"ind":0,"ty":"sh","ix":1,"ks":{"a":0,"k":{"i":[[1.03,-1.8],[0,0],[1.39,2.02],[0,0],[-2.17,0],[0,0],[0,0.641],[0,0],[-1.917,0],[0,0],[0,-1.28],[0,0],[-0.641,0],[0,0]],"o":[[0,0],[-1.22,2.12],[0,0],[-1.23,-1.79],[0,0],[0.641,0],[0,0],[0,-1.916],[0,0],[1.27,0],[0,0],[0,0.641],[0,0],[2.07,0]],"v":[[10.13,6.41],[3.54,17.85],[-2.09,18.07],[-9.94,6.59],[-7.72,2.37],[-6.06,2.37],[-4.9,1.21],[-4.9,-16.04],[-1.43,-19.51],[3.1,-19.51],[5.41,-17.2],[5.41,1.21],[6.57,2.37],[7.8,2.37]],"c":true},"ix":2},"nm":"Path 1","mn":"ADBE Vector Shape - Group","hd":false},{"ind":1,"ty":"sh","ix":2,"ks":{"a":0,"k":{"i":[[1.03,1.79],[1.442,0.379],[0,0.526],[0,0],[3.573,0],[0,0],[0,-3.564],[0,0],[0.545,-0.11],[0.81,-1.536],[-1.2,-1.76],[0,0],[-2.09,0],[-1.14,1.99],[0,0]],"o":[[-0.77,-1.34],[-0.509,-0.134],[0,0],[0,-3.573],[0,0],[-3.564,0],[0,0],[0,0.555],[-1.664,0.335],[-0.99,1.87],[0,0],[1.18,1.72],[2.29,0],[0,0],[1.02,-1.79]],"v":[[12.72,2.21],[9.274,-0.442],[8.41,-1.556],[8.41,-16.04],[1.94,-22.51],[-1.42,-22.51],[-7.9,-16.03],[-7.9,-1.651],[-8.841,-0.52],[-12.76,2.41],[-12.42,8.29],[-4.56,19.76],[0.66,22.51],[6.14,19.34],[12.73,7.91]],"c":true},"ix":2},"nm":"Path 2","mn":"ADBE Vector Shape - Group","hd":false},{"ty":"mm","mm":1,"nm":"Merge Paths 1","mn":"ADBE Vector Filter - Merge","hd":false},{"ty":"fl","c":{"a":0,"k":[0.426999978458,0.298000021542,0.255000005984,1],"ix":4},"o":{"a":0,"k":100,"ix":5},"r":1,"bm":0,"nm":"Fill 1","mn":"ADBE Vector Graphic - Fill","hd":false},{"ty":"tr","p":{"a":0,"k":[14,22.76],"ix":2},"a":{"a":0,"k":[0,0],"ix":1},"s":{"a":0,"k":[100,100],"ix":3},"r":{"a":0,"k":0,"ix":6},"o":{"a":0,"k":100,"ix":7},"sk":{"a":0,"k":0,"ix":4},"sa":{"a":0,"k":0,"ix":5},"nm":"Transform"}],"nm":"Group 5","np":4,"cix":2,"bm":0,"ix":5,"mn":"ADBE Vector Group","hd":false}],"ip":30.0000012219251,"op":930.000037879677,"st":30.0000012219251,"bm":0},{"ddd":0,"ind":8,"ty":4,"nm":"Arrow/Box Receiing Outlines","sr":1,"ks":{"o":{"a":1,"k":[{"i":{"x":[0.667],"y":[1]},"o":{"x":[0.333],"y":[0]},"t":12,"s":[0]},{"i":{"x":[0.667],"y":[1]},"o":{"x":[0.333],"y":[0]},"t":17,"s":[100]},{"i":{"x":[0.667],"y":[1]},"o":{"x":[0.333],"y":[0]},"t":36,"s":[100]},{"t":43.0000017514259,"s":[0]}],"ix":11},"r":{"a":0,"k":0,"ix":10},"p":{"a":1,"k":[{"i":{"x":0.667,"y":1},"o":{"x":0.333,"y":0},"t":12,"s":[150,155,0],"to":[0,14.5,0],"ti":[0,-14.5,0]},{"t":40.0000016292334,"s":[150,242,0]}],"ix":2},"a":{"a":0,"k":[14,23,0],"ix":1},"s":{"a":0,"k":[100,100,100],"ix":6}},"ao":0,"shapes":[{"ty":"gr","it":[{"ind":0,"ty":"sh","ix":1,"ks":{"a":0,"k":{"i":[[-0.18,-1.09],[0.33,0],[0,0],[0,-1.28],[0,0],[0,0],[-1.23,-1.79],[0,0],[0.19,0.27],[0,0],[-2.17,0],[0,0],[0,0],[-1.28,0],[0,0]],"o":[[-0.28,-0.13],[0,0],[-1.28,0],[0,0],[0,0],[-2.17,0],[0,0],[-0.24,-0.19],[0,0],[-1.23,-1.79],[0,0],[0,0],[0,-1.28],[0,0],[1.14,0]],"v":[[8.27,-17.215],[7.34,-17.415],[1.66,-17.415],[-0.66,-15.105],[-0.66,4.465],[-3.48,4.465],[-5.7,8.685],[1.45,19.135],[0.81,18.445],[-7.04,6.965],[-4.82,2.745],[-2,2.745],[-2,-16.825],[0.32,-19.135],[6,-19.135]],"c":true},"ix":2},"nm":"Path 1","mn":"ADBE Vector Shape - Group","hd":false},{"ty":"fl","c":{"a":0,"k":[0.2235294117647059,0.7098039215686275,0.2901960784313726,1],"ix":4},"o":{"a":0,"k":100,"ix":5},"r":1,"bm":0,"nm":"Fill 1","mn":"ADBE Vector Graphic - Fill","hd":false},{"ty":"tr","p":{"a":0,"k":[11.259,22.76],"ix":2},"a":{"a":0,"k":[0,0],"ix":1},"s":{"a":0,"k":[100,100],"ix":3},"r":{"a":0,"k":0,"ix":6},"o":{"a":0,"k":100,"ix":7},"sk":{"a":0,"k":0,"ix":4},"sa":{"a":0,"k":0,"ix":5},"nm":"Transform"}],"nm":"Group 1","np":2,"cix":2,"bm":0,"ix":1,"mn":"ADBE Vector Group","hd":false},{"ty":"gr","it":[{"ind":0,"ty":"sh","ix":1,"ks":{"a":0,"k":{"i":[[0,-1.034],[0,0],[0,0],[0,0.955],[0,0],[0.034,0.141]],"o":[[0,0],[0,0],[-0.723,-0.621],[0,0],[0,-0.141],[0.915,0.381]],"v":[[0.78,-8.218],[0.78,10.515],[0.406,10.194],[-0.735,7.512],[-0.735,-10.091],[-0.78,-10.515]],"c":true},"ix":2},"nm":"Path 1","mn":"ADBE Vector Shape - Group","hd":false},{"ty":"fl","c":{"a":0,"k":[0.2235294117647059,0.7098039215686275,0.2901960784313726,1],"ix":4},"o":{"a":0,"k":100,"ix":5},"r":1,"bm":0,"nm":"Fill 1","mn":"ADBE Vector Graphic - Fill","hd":false},{"ty":"tr","p":{"a":0,"k":[18.63,13.765],"ix":2},"a":{"a":0,"k":[0,0],"ix":1},"s":{"a":0,"k":[100,100],"ix":3},"r":{"a":0,"k":0,"ix":6},"o":{"a":0,"k":100,"ix":7},"sk":{"a":0,"k":0,"ix":4},"sa":{"a":0,"k":0,"ix":5},"nm":"Transform"}],"nm":"Group 2","np":2,"cix":2,"bm":0,"ix":2,"mn":"ADBE Vector Group","hd":false},{"ty":"gr","it":[{"ind":0,"ty":"sh","ix":1,"ks":{"a":0,"k":{"i":[[0.8,-1.39],[0,0],[1.39,2.02],[0,0],[-1.06,1.84],[0,0],[0.17,0.64]],"o":[[0,0],[-1.22,2.12],[0,0],[1.53,1.26],[0,0],[0.38,-0.66],[1.27,0.68]],"v":[[6.06,-4.975],[-0.53,6.465],[-6.16,6.685],[-6.86,5.655],[-1.87,4.745],[4.72,-6.695],[4.99,-8.705]],"c":true},"ix":2},"nm":"Path 1","mn":"ADBE Vector Shape - Group","hd":false},{"ty":"fl","c":{"a":0,"k":[0.2235294117647059,0.7098039215686275,0.2901960784313726,1],"ix":4},"o":{"a":0,"k":100,"ix":5},"r":1,"bm":0,"nm":"Fill 1","mn":"ADBE Vector Graphic - Fill","hd":false},{"ty":"tr","p":{"a":0,"k":[18.07,34.145],"ix":2},"a":{"a":0,"k":[0,0],"ix":1},"s":{"a":0,"k":[100,100],"ix":3},"r":{"a":0,"k":0,"ix":6},"o":{"a":0,"k":100,"ix":7},"sk":{"a":0,"k":0,"ix":4},"sa":{"a":0,"k":0,"ix":5},"nm":"Transform"}],"nm":"Group 3","np":2,"cix":2,"bm":0,"ix":3,"mn":"ADBE Vector Group","hd":false},{"ty":"gr","it":[{"ind":0,"ty":"sh","ix":1,"ks":{"a":0,"k":{"i":[[1.03,-1.8],[0,0],[1.39,2.02],[0,0],[-2.17,0],[0,0],[0,0.641],[0,0],[-1.917,0],[0,0],[0,-1.28],[0,0],[-0.641,0],[0,0]],"o":[[0,0],[-1.22,2.12],[0,0],[-1.23,-1.79],[0,0],[0.641,0],[0,0],[0,-1.916],[0,0],[1.27,0],[0,0],[0,0.641],[0,0],[2.07,0]],"v":[[10.135,6.12],[3.545,17.56],[-2.085,17.78],[-9.935,6.3],[-7.715,2.08],[-6.055,2.08],[-4.895,0.92],[-4.895,-16.33],[-1.425,-19.8],[3.105,-19.8],[5.415,-17.49],[5.415,0.92],[6.575,2.08],[7.805,2.08]],"c":true},"ix":2},"nm":"Path 1","mn":"ADBE Vector Shape - Group","hd":false},{"ty":"fl","c":{"a":0,"k":[0.2235294117647059,0.7098039215686275,0.2901960784313726,1],"ix":4},"o":{"a":0,"k":100,"ix":5},"r":1,"bm":0,"nm":"Fill 1","mn":"ADBE Vector Graphic - Fill","hd":false},{"ty":"tr","p":{"a":0,"k":[13.995,23.05],"ix":2},"a":{"a":0,"k":[0,0],"ix":1},"s":{"a":0,"k":[100,100],"ix":3},"r":{"a":0,"k":0,"ix":6},"o":{"a":0,"k":100,"ix":7},"sk":{"a":0,"k":0,"ix":4},"sa":{"a":0,"k":0,"ix":5},"nm":"Transform"}],"nm":"Group 4","np":2,"cix":2,"bm":0,"ix":4,"mn":"ADBE Vector Group","hd":false},{"ty":"gr","it":[{"ind":0,"ty":"sh","ix":1,"ks":{"a":0,"k":{"i":[[1.03,-1.8],[0,0],[1.39,2.02],[0,0],[-2.17,0],[0,0],[0,0.641],[0,0],[-1.917,0],[0,0],[0,-1.28],[0,0],[-0.641,0],[0,0]],"o":[[0,0],[-1.22,2.12],[0,0],[-1.23,-1.79],[0,0],[0.641,0],[0,0],[0,-1.916],[0,0],[1.27,0],[0,0],[0,0.641],[0,0],[2.07,0]],"v":[[10.13,6.41],[3.54,17.85],[-2.09,18.07],[-9.94,6.59],[-7.72,2.37],[-6.06,2.37],[-4.9,1.21],[-4.9,-16.04],[-1.43,-19.51],[3.1,-19.51],[5.41,-17.2],[5.41,1.21],[6.57,2.37],[7.8,2.37]],"c":true},"ix":2},"nm":"Path 1","mn":"ADBE Vector Shape - Group","hd":false},{"ind":1,"ty":"sh","ix":2,"ks":{"a":0,"k":{"i":[[1.03,1.79],[1.442,0.379],[0,0.526],[0,0],[3.573,0],[0,0],[0,-3.564],[0,0],[0.545,-0.11],[0.81,-1.536],[-1.2,-1.76],[0,0],[-2.09,0],[-1.14,1.99],[0,0]],"o":[[-0.77,-1.34],[-0.509,-0.134],[0,0],[0,-3.573],[0,0],[-3.564,0],[0,0],[0,0.555],[-1.664,0.335],[-0.99,1.87],[0,0],[1.18,1.72],[2.29,0],[0,0],[1.02,-1.79]],"v":[[12.72,2.21],[9.274,-0.442],[8.41,-1.556],[8.41,-16.04],[1.94,-22.51],[-1.42,-22.51],[-7.9,-16.03],[-7.9,-1.651],[-8.841,-0.52],[-12.76,2.41],[-12.42,8.29],[-4.56,19.76],[0.66,22.51],[6.14,19.34],[12.73,7.91]],"c":true},"ix":2},"nm":"Path 2","mn":"ADBE Vector Shape - Group","hd":false},{"ty":"mm","mm":1,"nm":"Merge Paths 1","mn":"ADBE Vector Filter - Merge","hd":false},{"ty":"fl","c":{"a":0,"k":[0.426999978458,0.298000021542,0.255000005984,1],"ix":4},"o":{"a":0,"k":100,"ix":5},"r":1,"bm":0,"nm":"Fill 1","mn":"ADBE Vector Graphic - Fill","hd":false},{"ty":"tr","p":{"a":0,"k":[14,22.76],"ix":2},"a":{"a":0,"k":[0,0],"ix":1},"s":{"a":0,"k":[100,100],"ix":3},"r":{"a":0,"k":0,"ix":6},"o":{"a":0,"k":100,"ix":7},"sk":{"a":0,"k":0,"ix":4},"sa":{"a":0,"k":0,"ix":5},"nm":"Transform"}],"nm":"Group 5","np":4,"cix":2,"bm":0,"ix":5,"mn":"ADBE Vector Group","hd":false}],"ip":12.00000048877,"op":912.000037146522,"st":12.00000048877,"bm":0},{"ddd":0,"ind":9,"ty":4,"nm":"BG/Box Receiing Outlines","sr":1,"ks":{"o":{"a":0,"k":100,"ix":11},"r":{"a":0,"k":0,"ix":10},"p":{"a":0,"k":[156.66,281.27,0],"ix":2},"a":{"a":0,"k":[77.16,132.27,0],"ix":1},"s":{"a":1,"k":[{"i":{"x":[0.667,0.667,0.667],"y":[1,1,1]},"o":{"x":[0.333,0.333,0.333],"y":[0,0,0]},"t":50,"s":[10,10,100]},{"i":{"x":[0.667,0.667,0.667],"y":[1,1,1]},"o":{"x":[0.333,0.333,0.333],"y":[0,0,0]},"t":62,"s":[115,115,100]},{"t":69.0000028104276,"s":[100,100,100]}],"ix":6}},"ao":0,"shapes":[{"ty":"gr","it":[{"ind":0,"ty":"sh","ix":1,"ks":{"a":0,"k":{"i":[[-14.386,-0.239],[0,23.695],[41.946,0],[0,-41.946],[-17.003,-13.929],[-17.351,0]],"o":[[17.003,-13.929],[0,-41.946],[-41.947,0],[0,23.695],[14.386,-0.239],[17.351,0]],"v":[[48.096,67.365],[75.951,8.585],[0.001,-67.365],[-75.951,8.585],[-48.096,67.365],[0.001,66.99]],"c":true},"ix":2},"nm":"Path 1","mn":"ADBE Vector Shape - Group","hd":false},{"ty":"fl","c":{"a":0,"k":[0.976000019148,0.885999971278,0.490000017952,1],"ix":4},"o":{"a":0,"k":100,"ix":5},"r":1,"bm":0,"nm":"Fill 1","mn":"ADBE Vector Graphic - Fill","hd":false},{"ty":"tr","p":{"a":0,"k":[76.201,67.616],"ix":2},"a":{"a":0,"k":[0,0],"ix":1},"s":{"a":0,"k":[100,100],"ix":3},"r":{"a":0,"k":0,"ix":6},"o":{"a":0,"k":100,"ix":7},"sk":{"a":0,"k":0,"ix":4},"sa":{"a":0,"k":0,"ix":5},"nm":"Transform"}],"nm":"Group 1","np":2,"cix":2,"bm":0,"ix":1,"mn":"ADBE Vector Group","hd":false}],"ip":12.00000048877,"op":912.000037146522,"st":12.00000048877,"bm":0}]}],"layers":[{"ddd":0,"ind":2,"ty":0,"nm":"Pre-comp 2","refId":"comp_0","sr":1,"ks":{"o":{"a":0,"k":100,"ix":11},"r":{"a":0,"k":0,"ix":10},"p":{"a":0,"k":[145,200,0],"ix":2},"a":{"a":0,"k":[150,200,0],"ix":1},"s":{"a":0,"k":[100,100,100],"ix":6}},"ao":0,"w":300,"h":400,"ip":0,"op":900.000036657751,"st":0,"bm":0}],"markers":[]}