{"v":"5.6.10","fr":30,"ip":0,"op":121,"w":658,"h":496,"nm":"Feedback","ddd":0,"assets":[],"fonts":{"list":[{"fName":"Roboto-Bold","fFamily":"Roboto","fStyle":"Bold","ascent":75}]},"layers":[{"ddd":0,"ind":1,"ty":3,"nm":"Null 2","sr":1,"ks":{"o":{"a":0,"k":0,"ix":11},"r":{"a":0,"k":0,"ix":10},"p":{"a":0,"k":[336,240,0],"ix":2},"a":{"a":0,"k":[0,0,0],"ix":1},"s":{"a":0,"k":[100,100,100],"ix":6}},"ao":0,"ip":0,"op":121,"st":0,"bm":0},{"ddd":0,"ind":2,"ty":5,"nm":"...!","sr":1,"ks":{"o":{"a":0,"k":100,"ix":11},"r":{"a":0,"k":0,"ix":10},"p":{"a":0,"k":[342,168,0],"ix":2},"a":{"a":0,"k":[0,0,0],"ix":1},"s":{"a":0,"k":[100,100,100],"ix":6}},"ao":0,"t":{"d":{"k":[{"s":{"s":140,"f":"Roboto-Bold","t":"..!","j":2,"tr":70,"lh":168,"ls":0,"fc":[1,1,1,1]},"t":0}]},"p":{},"m":{"g":1,"a":{"a":0,"k":[0,0],"ix":2}},"a":[{"nm":"Animator 1","s":{"t":0,"xe":{"a":0,"k":0,"ix":7},"ne":{"a":0,"k":0,"ix":8},"a":{"a":0,"k":100,"ix":4},"b":1,"rn":0,"sh":1,"s":{"a":1,"k":[{"i":{"x":[0],"y":[1.117]},"o":{"x":[0.333],"y":[0]},"t":68,"s":[0]},{"t":87,"s":[100]}],"ix":1},"r":1},"a":{"p":{"a":0,"k":[0,94,0],"ix":2},"o":{"a":0,"k":0,"ix":9}}}]},"ip":0,"op":121,"st":0,"bm":0},{"ddd":0,"ind":3,"ty":4,"nm":"YellowSpeech","parent":1,"sr":1,"ks":{"o":{"a":1,"k":[{"i":{"x":[0.833],"y":[0.833]},"o":{"x":[0.167],"y":[0.167]},"t":0,"s":[0]},{"i":{"x":[0.833],"y":[0.833]},"o":{"x":[0.167],"y":[0.167]},"t":63,"s":[0]},{"t":66,"s":[100]}],"ix":11},"r":{"a":0,"k":0,"ix":10},"p":{"a":0,"k":[110.643,-17.381,0],"ix":2},"a":{"a":0,"k":[84.615,69.231,0],"ix":1},"s":{"a":1,"k":[{"i":{"x":[0.904,0.904,0.667],"y":[1,1,1]},"o":{"x":[1,1,0.333],"y":[0,0,0]},"t":60,"s":[0,0,100]},{"i":{"x":[0,0,0.833],"y":[1,1,1]},"o":{"x":[0,0,0.167],"y":[0,0,0]},"t":68.125,"s":[155,155,100]},{"t":73,"s":[130,130,100]}],"ix":6}},"ao":0,"shapes":[{"ty":"gr","it":[{"ind":0,"ty":"sh","ix":1,"ks":{"a":0,"k":{"i":[[-9.608,-0.006],[0,0],[0.006,-9.608],[0,0],[9.608,0.006],[0,0],[0.465,-0.805],[0,0],[0.598,1.037],[0,0],[0.93,0.001],[0,0],[-0.006,9.608],[0,0]],"o":[[0,0],[9.608,0.006],[0,0],[-0.006,9.608],[0,0],[-0.93,-0.001],[0,0],[-0.599,1.036],[0,0],[-0.464,-0.805],[0,0],[-9.608,-0.006],[0,0],[0.006,-9.608]],"v":[[-91.599,-74.621],[91.677,-74.506],[109.062,-57.099],[109.006,32.485],[91.599,49.87],[81.806,49.864],[79.552,51.163],[82.22,73.844],[79.527,73.843],[62.211,51.153],[59.959,49.85],[-91.677,49.755],[-109.062,32.348],[-109.006,-57.236]],"c":true},"ix":2},"nm":"Path 1","mn":"ADBE Vector Shape - Group","hd":false},{"ty":"fl","c":{"a":0,"k":[1,0.2353,0,1],"ix":4},"o":{"a":0,"k":100,"ix":5},"r":1,"bm":0,"nm":"Fill 1","mn":"ADBE Vector Graphic - Fill","hd":false},{"ty":"tr","p":{"a":0,"k":[0,0],"ix":2},"a":{"a":0,"k":[0,0],"ix":1},"s":{"a":0,"k":[100,100],"ix":3},"r":{"a":0,"k":0,"ix":6},"o":{"a":0,"k":100,"ix":7},"sk":{"a":0,"k":0,"ix":4},"sa":{"a":0,"k":0,"ix":5},"nm":"Transform"}],"nm":"Group 1","np":2,"cix":2,"bm":0,"ix":1,"mn":"ADBE Vector Group","hd":false}],"ip":0,"op":121,"st":0,"bm":0},{"ddd":0,"ind":4,"ty":5,"nm":"..?","parent":1,"sr":1,"ks":{"o":{"a":1,"k":[{"i":{"x":[0.833],"y":[0.833]},"o":{"x":[0.167],"y":[0.167]},"t":54,"s":[100]},{"t":57,"s":[0]}],"ix":11},"r":{"a":0,"k":0,"ix":10},"p":{"a":0,"k":[-16,-70,0],"ix":2},"a":{"a":0,"k":[0,0,0],"ix":1},"s":{"a":0,"k":[100,100,100],"ix":6}},"ao":0,"t":{"d":{"k":[{"s":{"s":140,"f":"Roboto-Bold","t":"..?","j":2,"tr":70,"lh":168,"ls":0,"fc":[1,1,1,1]},"t":0}]},"p":{},"m":{"g":1,"a":{"a":0,"k":[0,0],"ix":2}},"a":[{"nm":"Animator 1","s":{"t":0,"xe":{"a":0,"k":0,"ix":7},"ne":{"a":0,"k":0,"ix":8},"a":{"a":0,"k":100,"ix":4},"b":1,"rn":0,"sh":1,"s":{"a":1,"k":[{"i":{"x":[0],"y":[1.117]},"o":{"x":[0.333],"y":[0]},"t":15,"s":[0]},{"t":34,"s":[100]}],"ix":1},"r":1},"a":{"p":{"a":0,"k":[0,94,0],"ix":2},"o":{"a":0,"k":0,"ix":9}}}]},"ip":0,"op":121,"st":0,"bm":0},{"ddd":0,"ind":5,"ty":4,"nm":"Yellow Body","parent":1,"sr":1,"ks":{"o":{"a":0,"k":100,"ix":11},"r":{"a":0,"k":0,"ix":10},"p":{"a":0,"k":[161.051,180.391,0],"ix":2},"a":{"a":0,"k":[0,0,0],"ix":1},"s":{"a":0,"k":[155,155,100],"ix":6}},"ao":0,"shapes":[{"ty":"gr","it":[{"ind":0,"ty":"sh","ix":1,"ks":{"a":0,"k":{"i":[[0,0],[33.518,0],[0,-33.518]],"o":[[0,-33.518],[-33.518,0],[0,0]],"v":[[60.689,30.345],[0,-30.345],[-60.689,30.345]],"c":true},"ix":2},"nm":"Path 1","mn":"ADBE Vector Shape - Group","hd":false},{"ty":"fl","c":{"a":0,"k":[1,0.2353,0,1],"ix":4},"o":{"a":0,"k":100,"ix":5},"r":1,"bm":0,"nm":"Fill 1","mn":"ADBE Vector Graphic - Fill","hd":false},{"ty":"tr","p":{"a":0,"k":[0,0],"ix":2},"a":{"a":0,"k":[0,0],"ix":1},"s":{"a":0,"k":[100,100],"ix":3},"r":{"a":0,"k":0,"ix":6},"o":{"a":0,"k":100,"ix":7},"sk":{"a":0,"k":0,"ix":4},"sa":{"a":0,"k":0,"ix":5},"nm":"Transform"}],"nm":"Group 1","np":2,"cix":2,"bm":0,"ix":1,"mn":"ADBE Vector Group","hd":false}],"ip":0,"op":121,"st":0,"bm":0},{"ddd":0,"ind":6,"ty":4,"nm":"Yellow Head","parent":1,"sr":1,"ks":{"o":{"a":0,"k":100,"ix":11},"r":{"a":0,"k":0,"ix":10},"p":{"a":1,"k":[{"i":{"x":0.833,"y":0.833},"o":{"x":0.167,"y":0.167},"t":68,"s":[162.628,69.732,0],"to":[-0.667,0,0],"ti":[0,0.667,0]},{"i":{"x":0.833,"y":0.833},"o":{"x":0.167,"y":0.167},"t":71,"s":[158.628,69.732,0],"to":[0,-0.667,0],"ti":[-0.667,-0.667,0]},{"i":{"x":0.833,"y":0.833},"o":{"x":0.167,"y":0.167},"t":74,"s":[162.628,65.732,0],"to":[0.667,0.667,0],"ti":[-0.667,-0.667,0]},{"i":{"x":0.833,"y":0.833},"o":{"x":0.167,"y":0.167},"t":77,"s":[162.628,73.732,0],"to":[0.271,0.271,0],"ti":[0,0.791,0]},{"i":{"x":0.833,"y":0.833},"o":{"x":0.167,"y":0.167},"t":80,"s":[166.628,69.732,0],"to":[0,-1.333,0],"ti":[0.667,0.667,0]},{"i":{"x":0.833,"y":0.833},"o":{"x":0.167,"y":0.167},"t":83,"s":[162.628,65.732,0],"to":[0,0,0],"ti":[0,0,0]},{"i":{"x":0.833,"y":0.833},"o":{"x":0.167,"y":0.167},"t":86,"s":[162.628,65.732,0],"to":[0,1.333,0],"ti":[0,-0.667,0]},{"i":{"x":0.833,"y":0.833},"o":{"x":0.167,"y":0.167},"t":89,"s":[162.628,73.732,0],"to":[0,0.667,0],"ti":[0,0.667,0]},{"t":92,"s":[162.628,69.732,0]}],"ix":2},"a":{"a":0,"k":[0,0,0],"ix":1},"s":{"a":0,"k":[155,155,100],"ix":6}},"ao":0,"shapes":[{"ty":"gr","it":[{"ind":0,"ty":"sh","ix":1,"ks":{"a":0,"k":{"i":[[0,-21.633],[21.633,0],[0,21.633],[-21.633,0]],"o":[[0,21.633],[-21.633,0],[0,-21.633],[21.633,0]],"v":[[39.17,0],[0,39.17],[-39.17,0],[0,-39.17]],"c":true},"ix":2},"nm":"Path 1","mn":"ADBE Vector Shape - Group","hd":false},{"ty":"fl","c":{"a":0,"k":[1,0.2353,0,1],"ix":4},"o":{"a":0,"k":100,"ix":5},"r":1,"bm":0,"nm":"Fill 1","mn":"ADBE Vector Graphic - Fill","hd":false},{"ty":"tr","p":{"a":0,"k":[0,0],"ix":2},"a":{"a":0,"k":[0,0],"ix":1},"s":{"a":0,"k":[100,100],"ix":3},"r":{"a":0,"k":0,"ix":6},"o":{"a":0,"k":100,"ix":7},"sk":{"a":0,"k":0,"ix":4},"sa":{"a":0,"k":0,"ix":5},"nm":"Transform"}],"nm":"Group 1","np":2,"cix":2,"bm":0,"ix":1,"mn":"ADBE Vector Group","hd":false}],"ip":0,"op":121,"st":0,"bm":0},{"ddd":0,"ind":7,"ty":4,"nm":"BlueSpeech","parent":1,"sr":1,"ks":{"o":{"a":1,"k":[{"i":{"x":[0.833],"y":[0.833]},"o":{"x":[0.167],"y":[0.167]},"t":54,"s":[100]},{"t":57,"s":[0]}],"ix":11},"r":{"a":0,"k":0,"ix":10},"p":{"a":0,"k":[-124.404,-10.619,0],"ix":2},"a":{"a":0,"k":[-80.675,73.331,0],"ix":1},"s":{"a":1,"k":[{"i":{"x":[0.904,0.904,0.667],"y":[1,1,1]},"o":{"x":[1,1,0.333],"y":[0,0,0]},"t":0,"s":[0,0,100]},{"i":{"x":[0,0,0.833],"y":[1,1,1]},"o":{"x":[0,0,0.167],"y":[0,0,0]},"t":8.125,"s":[155,155,100]},{"t":13,"s":[130,130,100]}],"ix":6}},"ao":0,"shapes":[{"ty":"gr","it":[{"ind":0,"ty":"sh","ix":1,"ks":{"a":0,"k":{"i":[[9.608,-0.006],[0,0],[-0.006,-9.608],[0,0],[-9.608,0.006],[0,0],[-0.465,-0.805],[0,0],[-0.598,1.037],[0,0],[-0.93,0.001],[0,0],[0.006,9.608],[0,0]],"o":[[0,0],[-9.608,0.006],[0,0],[0.006,9.608],[0,0],[0.93,-0.001],[0,0],[0.599,1.036],[0,0],[0.464,-0.805],[0,0],[9.608,-0.006],[0,0],[-0.006,-9.608]],"v":[[91.599,-74.621],[-91.677,-74.506],[-109.062,-57.099],[-109.006,32.485],[-91.599,49.87],[-81.806,49.864],[-79.552,51.163],[-82.22,73.844],[-79.527,73.843],[-62.211,51.153],[-59.959,49.85],[91.677,49.755],[109.062,32.348],[109.006,-57.236]],"c":true},"ix":2},"nm":"Path 1","mn":"ADBE Vector Shape - Group","hd":false},{"ty":"fl","c":{"a":0,"k":[0.2627,0.102,0,1],"ix":4},"o":{"a":0,"k":100,"ix":5},"r":1,"bm":0,"nm":"Fill 1","mn":"ADBE Vector Graphic - Fill","hd":false},{"ty":"tr","p":{"a":0,"k":[0,0],"ix":2},"a":{"a":0,"k":[0,0],"ix":1},"s":{"a":0,"k":[100,100],"ix":3},"r":{"a":0,"k":0,"ix":6},"o":{"a":0,"k":100,"ix":7},"sk":{"a":0,"k":0,"ix":4},"sa":{"a":0,"k":0,"ix":5},"nm":"Transform"}],"nm":"Group 1","np":2,"cix":2,"bm":0,"ix":1,"mn":"ADBE Vector Group","hd":false}],"ip":0,"op":121,"st":0,"bm":0},{"ddd":0,"ind":8,"ty":4,"nm":"Blue Body","parent":1,"sr":1,"ks":{"o":{"a":0,"k":100,"ix":11},"r":{"a":0,"k":0,"ix":10},"p":{"a":0,"k":[-183.372,183.491,0],"ix":2},"a":{"a":0,"k":[0,0,0],"ix":1},"s":{"a":0,"k":[155,155,100],"ix":6}},"ao":0,"shapes":[{"ty":"gr","it":[{"ind":0,"ty":"sh","ix":1,"ks":{"a":0,"k":{"i":[[0,0],[33.518,0],[0,-33.518]],"o":[[0,-33.518],[-33.518,0],[0,0]],"v":[[60.689,30.345],[0,-30.345],[-60.689,30.345]],"c":true},"ix":2},"nm":"Path 1","mn":"ADBE Vector Shape - Group","hd":false},{"ty":"fl","c":{"a":0,"k":[0.2627,0.102,0,1],"ix":4},"o":{"a":0,"k":100,"ix":5},"r":1,"bm":0,"nm":"Fill 1","mn":"ADBE Vector Graphic - Fill","hd":false},{"ty":"tr","p":{"a":0,"k":[0,0],"ix":2},"a":{"a":0,"k":[0,0],"ix":1},"s":{"a":0,"k":[100,100],"ix":3},"r":{"a":0,"k":0,"ix":6},"o":{"a":0,"k":100,"ix":7},"sk":{"a":0,"k":0,"ix":4},"sa":{"a":0,"k":0,"ix":5},"nm":"Transform"}],"nm":"Group 1","np":2,"cix":2,"bm":0,"ix":1,"mn":"ADBE Vector Group","hd":false}],"ip":0,"op":121,"st":0,"bm":0},{"ddd":0,"ind":9,"ty":4,"nm":"Blue Head","parent":1,"sr":1,"ks":{"o":{"a":0,"k":100,"ix":11},"r":{"a":0,"k":0,"ix":10},"p":{"a":1,"k":[{"i":{"x":0.833,"y":0.833},"o":{"x":0.167,"y":0.167},"t":15,"s":[-183.372,69.732,0],"to":[-0.667,0,0],"ti":[0,0.667,0]},{"i":{"x":0.833,"y":0.833},"o":{"x":0.167,"y":0.167},"t":18,"s":[-187.372,69.732,0],"to":[0,-0.667,0],"ti":[-0.667,-0.667,0]},{"i":{"x":0.833,"y":0.833},"o":{"x":0.167,"y":0.167},"t":21,"s":[-183.372,65.732,0],"to":[0.667,0.667,0],"ti":[-0.667,-0.667,0]},{"i":{"x":0.833,"y":0.833},"o":{"x":0.167,"y":0.167},"t":24,"s":[-183.372,73.732,0],"to":[0.667,0.667,0],"ti":[0,1.333,0]},{"i":{"x":0.833,"y":0.833},"o":{"x":0.167,"y":0.167},"t":27,"s":[-179.372,69.732,0],"to":[0,-1.333,0],"ti":[0.667,0.667,0]},{"i":{"x":0.833,"y":0.833},"o":{"x":0.167,"y":0.167},"t":30,"s":[-183.372,65.732,0],"to":[0,0,0],"ti":[0,0,0]},{"i":{"x":0.833,"y":0.833},"o":{"x":0.167,"y":0.167},"t":33,"s":[-183.372,65.732,0],"to":[0,1.333,0],"ti":[0,-0.667,0]},{"i":{"x":0.833,"y":0.833},"o":{"x":0.167,"y":0.167},"t":36,"s":[-183.372,73.732,0],"to":[0,0.667,0],"ti":[0,0.667,0]},{"t":39,"s":[-183.372,69.732,0]}],"ix":2},"a":{"a":0,"k":[0,0,0],"ix":1},"s":{"a":0,"k":[155,155,100],"ix":6}},"ao":0,"shapes":[{"ty":"gr","it":[{"ind":0,"ty":"sh","ix":1,"ks":{"a":0,"k":{"i":[[0,-21.633],[21.633,0],[0,21.633],[-21.633,0]],"o":[[0,21.633],[-21.633,0],[0,-21.633],[21.633,0]],"v":[[39.17,0],[0,39.17],[-39.17,0],[0,-39.17]],"c":true},"ix":2},"nm":"Path 1","mn":"ADBE Vector Shape - Group","hd":false},{"ty":"fl","c":{"a":0,"k":[0.2627,0.102,0,1],"ix":4},"o":{"a":0,"k":100,"ix":5},"r":1,"bm":0,"nm":"Fill 1","mn":"ADBE Vector Graphic - Fill","hd":false},{"ty":"tr","p":{"a":0,"k":[0,0],"ix":2},"a":{"a":0,"k":[0,0],"ix":1},"s":{"a":0,"k":[100,100],"ix":3},"r":{"a":0,"k":0,"ix":6},"o":{"a":0,"k":100,"ix":7},"sk":{"a":0,"k":0,"ix":4},"sa":{"a":0,"k":0,"ix":5},"nm":"Transform"}],"nm":"Group 1","np":2,"cix":2,"bm":0,"ix":1,"mn":"ADBE Vector Group","hd":false}],"ip":0,"op":121,"st":0,"bm":0}],"markers":[],"chars":[{"ch":".","size":140,"style":"Bold","w":29.05,"data":{"shapes":[{"ty":"gr","it":[{"ind":0,"ty":"sh","ix":1,"ks":{"a":0,"k":{"i":[[-1.498,-1.383],[-2.312,0],[-1.498,1.384],[0,2.214],[1.514,1.4],[2.311,0],[1.514,-1.399],[0,-2.246]],"o":[[1.497,1.384],[2.344,0],[1.497,-1.383],[0,-2.246],[-1.514,-1.399],[-2.279,0],[-1.514,1.4],[0,2.214]],"v":[[8.398,-1.538],[14.111,0.537],[19.873,-1.538],[22.119,-6.934],[19.849,-12.402],[14.111,-14.502],[8.423,-12.402],[6.152,-6.934]],"c":true},"ix":2},"nm":".","mn":"ADBE Vector Shape - Group","hd":false}],"nm":".","np":3,"cix":2,"bm":0,"ix":1,"mn":"ADBE Vector Group","hd":false}]},"fFamily":"Roboto"},{"ch":"?","size":140,"style":"Bold","w":49.76,"data":{"shapes":[{"ty":"gr","it":[{"ind":0,"ty":"sh","ix":1,"ks":{"a":0,"k":{"i":[[0,0],[0,0],[-2.474,2.379],[0,0],[-1.237,2.46],[0,2.769],[3.809,3.34],[6.901,0],[3.955,-3.519],[0.065,-6.223],[0,0],[-1.449,1.485],[-2.409,0],[0,-5.51],[0.977,-1.646],[2.946,-2.623],[1.106,-2.704],[0,-4.562]],"o":[[0,0],[0.358,-3.193],[0,0],[3.092,-2.998],[1.237,-2.46],[0,-6.093],[-3.809,-3.34],[-6.836,0],[-3.955,3.519],[0,0],[0.065,-2.61],[1.448,-1.485],[5.078,0],[0,1.826],[-0.977,1.646],[-2.946,2.623],[-1.107,2.705],[0,0]],"v":[[29.443,-21.777],[29.639,-24.759],[33.887,-33.116],[37.842,-36.88],[44.336,-45.066],[46.191,-52.911],[40.479,-67.06],[24.414,-72.07],[8.228,-66.792],[2.197,-52.178],[16.357,-52.178],[18.628,-58.32],[24.414,-60.547],[32.031,-52.281],[30.566,-47.072],[24.683,-40.668],[18.604,-32.677],[16.943,-21.777]],"c":true},"ix":2},"nm":"?","mn":"ADBE Vector Shape - Group","hd":false},{"ind":1,"ty":"sh","ix":2,"ks":{"a":0,"k":{"i":[[-1.449,-1.395],[-2.377,0],[-1.449,1.395],[0,2.142],[1.481,1.411],[2.311,0],[1.481,-1.411],[0,-2.174]],"o":[[1.448,1.395],[2.376,0],[1.448,-1.395],[0,-2.174],[-1.482,-1.411],[-2.312,0],[-1.482,1.411],[0,2.142]],"v":[[17.7,-1.507],[23.438,0.586],[29.175,-1.507],[31.348,-6.812],[29.126,-12.189],[23.438,-14.307],[17.749,-12.189],[15.527,-6.812]],"c":true},"ix":2},"nm":"?","mn":"ADBE Vector Shape - Group","hd":false}],"nm":"?","np":5,"cix":2,"bm":0,"ix":1,"mn":"ADBE Vector Group","hd":false}]},"fFamily":"Roboto"},{"ch":"!","size":140,"style":"Bold","w":27.2,"data":{"shapes":[{"ty":"gr","it":[{"ind":0,"ty":"sh","ix":1,"ks":{"a":0,"k":{"i":[[0,0],[0,0],[0,0],[0,0]],"o":[[0,0],[0,0],[0,0],[0,0]],"v":[[21.436,-71.094],[6.396,-71.094],[8.057,-21.826],[19.775,-21.826]],"c":true},"ix":2},"nm":"!","mn":"ADBE Vector Shape - Group","hd":false},{"ind":1,"ty":"sh","ix":2,"ks":{"a":0,"k":{"i":[[1.448,-1.416],[0,-2.148],[-1.449,-1.399],[-2.344,0],[-1.449,1.399],[0,2.148],[1.448,1.4],[2.376,0]],"o":[[-1.449,1.416],[0,2.148],[1.448,1.399],[2.376,0],[1.448,-1.399],[0,-2.18],[-1.449,-1.399],[-2.344,0]],"v":[[8.228,-11.987],[6.055,-6.641],[8.228,-1.318],[13.916,0.781],[19.653,-1.318],[21.826,-6.641],[19.653,-12.012],[13.916,-14.111]],"c":true},"ix":2},"nm":"!","mn":"ADBE Vector Shape - Group","hd":false}],"nm":"!","np":5,"cix":2,"bm":0,"ix":1,"mn":"ADBE Vector Group","hd":false}]},"fFamily":"Roboto"}]}