{"v":"4.8.0","meta":{"g":"LottieFiles AE 0.1.20","a":"","k":"","d":"","tc":"#FFFFFF"},"fr":30,"ip":0,"op":33,"w":500,"h":500,"nm":"Main_Comp ","ddd":0,"assets":[{"id":"comp_0","layers":[{"ddd":0,"ind":1,"ty":4,"nm":"matte","td":1,"sr":1,"ks":{"o":{"a":0,"k":100,"ix":11},"r":{"a":0,"k":0,"ix":10},"p":{"a":0,"k":[250,250,0],"ix":2},"a":{"a":0,"k":[0,0,0],"ix":1},"s":{"a":0,"k":[101,101,100],"ix":6}},"ao":0,"shapes":[{"ty":"gr","it":[{"ind":0,"ty":"sh","ix":1,"ks":{"a":0,"k":{"i":[[0,87.348],[96.65,0],[0,-96.649],[-83.662,-13.127],[-17,0],[0,0]],"o":[[0,-96.649],[-96.65,0],[0,87.348],[0,0],[17.5,0],[83.662,-13.127]],"v":[[175,0],[0,-175],[-175,0],[-27.344,172.873],[-0.5,175.123],[27.344,172.873]],"c":true},"ix":2},"nm":"Path 1","mn":"ADBE Vector Shape - Group","hd":false},{"ty":"gf","o":{"a":0,"k":100,"ix":10},"r":1,"bm":0,"g":{"p":3,"k":{"a":0,"k":[0,0.086,0.467,0.945,0.601,0.127,0.28,0.778,1,0.169,0.094,0.612],"ix":9}},"s":{"a":0,"k":[-124,-124],"ix":5},"e":{"a":0,"k":[123.486,123.486],"ix":6},"t":1,"nm":"Gradient Fill 1","mn":"ADBE Vector Graphic - G-Fill","hd":false},{"ty":"tr","p":{"a":0,"k":[0,0],"ix":2},"a":{"a":0,"k":[0,0],"ix":1},"s":{"a":0,"k":[100,100],"ix":3},"r":{"a":0,"k":0,"ix":6},"o":{"a":0,"k":100,"ix":7},"sk":{"a":0,"k":0,"ix":4},"sa":{"a":0,"k":0,"ix":5},"nm":"Transform"}],"nm":"Group","np":2,"cix":2,"bm":0,"ix":1,"mn":"ADBE Vector Group","hd":false}],"ip":0,"op":120,"st":0,"bm":0},{"ddd":0,"ind":2,"ty":0,"nm":"icons_Shape","tt":1,"refId":"comp_1","sr":1,"ks":{"o":{"a":0,"k":100,"ix":11},"r":{"a":0,"k":0,"ix":10},"p":{"a":0,"k":[250,250,0],"ix":2},"a":{"a":0,"k":[250,250,0],"ix":1},"s":{"a":0,"k":[100,100,100],"ix":6}},"ao":0,"w":500,"h":500,"ip":0,"op":120,"st":0,"bm":0},{"ddd":0,"ind":3,"ty":0,"nm":"icons_bg","refId":"comp_2","sr":1,"ks":{"o":{"a":0,"k":100,"ix":11},"r":{"a":0,"k":0,"ix":10},"p":{"a":0,"k":[250,250,0],"ix":2},"a":{"a":0,"k":[250,250,0],"ix":1},"s":{"a":0,"k":[100,100,100],"ix":6}},"ao":0,"w":500,"h":500,"ip":0,"op":120,"st":0,"bm":0}]},{"id":"comp_1","layers":[{"ddd":0,"ind":1,"ty":4,"nm":"icons ","sr":1,"ks":{"o":{"a":0,"k":100,"ix":11},"r":{"a":0,"k":0,"ix":10},"p":{"a":0,"k":[250,250,0],"ix":2},"a":{"a":0,"k":[0,0,0],"ix":1},"s":{"a":0,"k":[100,100,100],"ix":6}},"ao":0,"shapes":[{"ty":"gr","it":[{"ind":0,"ty":"sh","ix":1,"ks":{"a":0,"k":{"i":[[3.852,2.303],[4.875,-1.994],[2.422,-2.989],[1.909,0.768],[7.745,12.911],[-1.581,1.861],[-0.633,3.714],[1.534,3.306],[4.231,2.39],[3.465,-2.822],[-0.087,-7.565],[-0.501,-2.074],[-2.596,-4.431],[-2.294,-3.118],[-10.815,-6.625],[-6.027,-1.992],[-7.3,1.386],[-3.034,7.364],[0.503,2.303]],"o":[[-4.138,-2.475],[-3.739,1.53],[-1.244,1.534],[-14.037,-5.591],[-1.312,-2.007],[2.341,-2.754],[0.633,-3.712],[-1.962,-4.225],[-3.892,-2.197],[-5.982,4.871],[0.024,2.15],[1.208,4.991],[1.957,3.34],[7.508,10.199],[5.404,3.309],[6.759,2.233],[7.642,-1.451],[0.898,-2.181],[-1.039,-4.761]],"v":[[45.344,10.01],[30.949,6.767],[22.4,17.139],[17.763,18.144],[-14.775,-9.729],[-14.272,-15.178],[-8.36,-24.775],[-11.003,-36.133],[-19.388,-48.772],[-31.868,-46.917],[-40.649,-26.848],[-39.86,-20.479],[-33.75,-6.399],[-27.371,3.3],[0.292,28.987],[17.544,37.19],[37.625,40.362],[55.835,26.817],[56.679,19.905]],"c":true},"ix":2},"nm":"Path 1","mn":"ADBE Vector Shape - Group","hd":false},{"ty":"fl","c":{"a":0,"k":[1,1,1,1],"ix":4},"o":{"a":0,"k":100,"ix":5},"r":1,"bm":0,"nm":"Fill 1","mn":"ADBE Vector Graphic - Fill","hd":false},{"ty":"tr","p":{"a":0,"k":[0,0],"ix":2},"a":{"a":0,"k":[0,0],"ix":1},"s":{"a":0,"k":[100,100],"ix":3},"r":{"a":0,"k":0,"ix":6},"o":{"a":0,"k":100,"ix":7},"sk":{"a":0,"k":0,"ix":4},"sa":{"a":0,"k":0,"ix":5},"nm":"Transform"}],"nm":"Group 1","np":2,"cix":2,"bm":0,"ix":1,"mn":"ADBE Vector Group","hd":false},{"ty":"gr","it":[{"ind":0,"ty":"sh","ix":1,"ks":{"a":0,"k":{"i":[[0,0],[0,0],[-14.572,0],[0,44.951],[44.949,0],[0,-44.951],[-7.799,-12.809],[0,0],[0,0]],"o":[[0,0],[12.651,7.538],[44.949,0],[0,-44.951],[-44.947,0],[0,14.843],[0,0],[0,0],[0,0]],"v":[[-37.109,63.97],[-33.663,66.025],[7.951,77.55],[89.47,-3.969],[7.951,-85.488],[-73.567,-3.969],[-61.645,38.296],[-59.531,41.767],[-67.676,72.162]],"c":true},"ix":2},"nm":"Path 1","mn":"ADBE Vector Shape - Group","hd":false},{"ind":1,"ty":"sh","ix":2,"ks":{"a":0,"k":{"i":[[0,0],[0,0],[0,16.953],[-55.425,0],[0,-55.425],[55.426,0],[14.708,7.978]],"o":[[0,0],[-8.261,-14.905],[0,-55.425],[55.426,0],[0,55.426],[-16.639,0],[0,0]],"v":[[-94.55,99.03],[-79.958,44.59],[-92.568,-3.969],[7.951,-104.488],[108.47,-3.969],[7.951,96.551],[-39.83,84.371]],"c":true},"ix":2},"nm":"Path 2","mn":"ADBE Vector Shape - Group","hd":false},{"ty":"fl","c":{"a":0,"k":[1,1,1,1],"ix":4},"o":{"a":0,"k":100,"ix":5},"r":1,"bm":0,"nm":"Fill 1","mn":"ADBE Vector Graphic - Fill","hd":false},{"ty":"tr","p":{"a":0,"k":[0,0],"ix":2},"a":{"a":0,"k":[0,0],"ix":1},"s":{"a":0,"k":[100,100],"ix":3},"r":{"a":0,"k":0,"ix":6},"o":{"a":0,"k":100,"ix":7},"sk":{"a":0,"k":0,"ix":4},"sa":{"a":0,"k":0,"ix":5},"nm":"Transform"}],"nm":"Group 2","np":3,"cix":2,"bm":0,"ix":2,"mn":"ADBE Vector Group","hd":false}],"ip":0,"op":120,"st":0,"bm":0}]},{"id":"comp_2","layers":[{"ddd":0,"ind":1,"ty":0,"nm":"icons  Comp 1","refId":"comp_3","sr":1,"ks":{"o":{"a":0,"k":100,"ix":11},"r":{"a":0,"k":0,"ix":10},"p":{"a":0,"k":[250,250,0],"ix":2},"a":{"a":0,"k":[250,250,0],"ix":1},"s":{"a":0,"k":[100,100,100],"ix":6}},"ao":0,"w":500,"h":500,"ip":0,"op":120,"st":0,"bm":0}]},{"id":"comp_3","layers":[{"ddd":0,"ind":1,"ty":4,"nm":"bg 2","sr":1,"ks":{"o":{"a":0,"k":100,"ix":11},"r":{"a":0,"k":0,"ix":10},"p":{"a":0,"k":[250,250,0],"ix":2},"a":{"a":0,"k":[0,0,0],"ix":1},"s":{"a":0,"k":[100,100,100],"ix":6}},"ao":0,"shapes":[{"ty":"gr","it":[{"ind":0,"ty":"sh","ix":1,"ks":{"a":0,"k":{"i":[[0,-96.649],[96.65,0],[0,96.65],[-96.649,0]],"o":[[0,96.65],[-96.649,0],[0,-96.649],[96.65,0]],"v":[[175,-0.001],[0,175],[-175,-0.001],[0,-175]],"c":true},"ix":2},"nm":"Path 1","mn":"ADBE Vector Shape - Group","hd":false},{"ty":"gf","o":{"a":0,"k":100,"ix":10},"r":1,"bm":0,"g":{"p":3,"k":{"a":0,"k":[0,0,0.984,0.451,0.5,0,0.841,0.404,1,0,0.698,0.357],"ix":9}},"s":{"a":0,"k":[123,-124],"ix":5},"e":{"a":0,"k":[-124.487,123.487],"ix":6},"t":1,"nm":"Gradient Fill 1","mn":"ADBE Vector Graphic - G-Fill","hd":false},{"ty":"tr","p":{"a":0,"k":[0,0],"ix":2},"a":{"a":0,"k":[0,0],"ix":1},"s":{"a":0,"k":[100,100],"ix":3},"r":{"a":0,"k":0,"ix":6},"o":{"a":0,"k":100,"ix":7},"sk":{"a":0,"k":0,"ix":4},"sa":{"a":0,"k":0,"ix":5},"nm":"Transform"}],"nm":"Group","np":2,"cix":2,"bm":0,"ix":1,"mn":"ADBE Vector Group","hd":false}],"ip":0,"op":120,"st":0,"bm":0}]}],"layers":[{"ddd":0,"ind":1,"ty":0,"nm":"icons Comp 1","refId":"comp_0","sr":1,"ks":{"o":{"a":0,"k":100,"ix":11},"r":{"a":0,"k":0,"ix":10},"p":{"a":0,"k":[250,250,0],"ix":2},"a":{"a":0,"k":[250,250,0],"ix":1},"s":{"a":1,"k":[{"i":{"x":[0.667,0.667,0.667],"y":[1,1,1]},"o":{"x":[0.333,0.333,0.333],"y":[0,0,0]},"t":1,"s":[97.778,97.778,100]},{"t":17,"s":[105,105,100]}],"ix":6}},"ao":0,"ef":[{"ty":5,"nm":"AC IN [BCO] Controls","np":3,"mn":"Pseudo/MHAC PrCtrl BCO 4","ix":1,"en":1,"ef":[{"ty":0,"nm":"Scale","mn":"Pseudo/MHAC PrCtrl BCO 4-0001","ix":1,"v":{"a":0,"k":0,"ix":1}}]}],"w":500,"h":500,"ip":0,"op":120,"st":0,"bm":0},{"ddd":0,"ind":2,"ty":0,"nm":"icons_light 3","refId":"comp_3","sr":1,"ks":{"o":{"a":1,"k":[{"i":{"x":[0.667],"y":[1]},"o":{"x":[0.333],"y":[0]},"t":9,"s":[100]},{"t":25,"s":[0]}],"ix":11},"r":{"a":0,"k":0,"ix":10},"p":{"a":0,"k":[250,250,0],"ix":2},"a":{"a":0,"k":[250,250,0],"ix":1},"s":{"a":1,"k":[{"i":{"x":[0.667,0.667,0.667],"y":[1,1,1]},"o":{"x":[0.333,0.333,0.333],"y":[0,0,0]},"t":1,"s":[0,0,100]},{"t":17,"s":[115,115,100]}],"ix":6}},"ao":0,"w":500,"h":500,"ip":1,"op":121,"st":1,"bm":0},{"ddd":0,"ind":3,"ty":0,"nm":"icons_light 2","refId":"comp_3","sr":1,"ks":{"o":{"a":1,"k":[{"i":{"x":[0.667],"y":[1]},"o":{"x":[0.333],"y":[0]},"t":12,"s":[100]},{"t":28,"s":[0]}],"ix":11},"r":{"a":0,"k":0,"ix":10},"p":{"a":0,"k":[250,250,0],"ix":2},"a":{"a":0,"k":[250,250,0],"ix":1},"s":{"a":1,"k":[{"i":{"x":[0.667,0.667,0.667],"y":[1,1,1]},"o":{"x":[0.333,0.333,0.333],"y":[0,0,0]},"t":4,"s":[0,0,100]},{"t":20,"s":[120,120,100]}],"ix":6}},"ao":0,"w":500,"h":500,"ip":4,"op":124,"st":4,"bm":0},{"ddd":0,"ind":4,"ty":0,"nm":"icons_light","refId":"comp_3","sr":1,"ks":{"o":{"a":1,"k":[{"i":{"x":[0.667],"y":[1]},"o":{"x":[0.333],"y":[0]},"t":15,"s":[100]},{"t":31,"s":[0]}],"ix":11},"r":{"a":0,"k":0,"ix":10},"p":{"a":0,"k":[250,250,0],"ix":2},"a":{"a":0,"k":[250,250,0],"ix":1},"s":{"a":1,"k":[{"i":{"x":[0.667,0.667,0.667],"y":[1,1,1]},"o":{"x":[0.333,0.333,0.333],"y":[0,0,0]},"t":7,"s":[0,0,100]},{"t":23,"s":[130,130,100]}],"ix":6}},"ao":0,"w":500,"h":500,"ip":7,"op":127,"st":7,"bm":0}],"markers":[]}